filename, IC, LED, battery, buzzer, capacitor, clock, connector, diode, display, fuse, inductor, potentiometer, relay, resistor, switch, transistor
battery3_jpg.rf.22bd5e572fdc69d5e49bd7ba6d6b8703.jpg, 1, 0, 1, 0, 1, 1, 0, 0, 0, 0, 0, 0, 0, 1, 0, 0
PCBA_562_jpg.rf.22dabf685ec57223594076e726c99033.jpg, 1, 0, 0, 0, 0, 1, 0, 0, 0, 0, 0, 0, 0, 0, 0, 0
transistor54_jpg.rf.23e4fc676279a52f656bc14ae74b0e95.jpg, 0, 0, 0, 0, 0, 0, 0, 0, 0, 0, 0, 0, 0, 0, 0, 1
PCBA_127_jpg.rf.20f34e79364026df035dce65f9b8594d.jpg, 1, 1, 0, 0, 1, 0, 0, 0, 0, 0, 0, 0, 0, 1, 0, 0
PCBA_10_jpg.rf.21d9fccdc1be879d6fbcdd76d9e1a04f.jpg, 1, 1, 0, 0, 1, 0, 0, 0, 0, 0, 1, 0, 0, 1, 0, 0
PCBA_13_jpg.rf.21f5f2fdc2e2fc6935859ba6615bc04b.jpg, 1, 1, 0, 0, 1, 0, 1, 0, 0, 0, 0, 0, 0, 1, 0, 0
PCBA_337_jpg.rf.222431f51f8fc2a1ba3d243c592d8def.jpg, 1, 1, 0, 1, 1, 0, 1, 0, 0, 0, 0, 1, 0, 1, 0, 0
inductor4_jpg.rf.202b253c8cb741c02c733b16844ccf6f.jpg, 0, 0, 0, 0, 0, 0, 0, 0, 0, 0, 1, 0, 0, 0, 0, 0
PCBA_619_jpg.rf.202e8d8b7312cf41ea7acac0ece0650b.jpg, 1, 0, 0, 0, 1, 0, 0, 0, 0, 0, 1, 0, 0, 1, 0, 0
transistor67_jpg.rf.24394529d5650c2292d02641b4e88b55.jpg, 0, 0, 0, 0, 0, 0, 0, 0, 0, 0, 0, 0, 0, 0, 0, 1
transistor56_jpg.rf.253dbb4af29c0ab959ea1e1e288a0cf3.jpg, 0, 0, 0, 0, 0, 0, 0, 0, 0, 0, 0, 0, 0, 0, 0, 1
PCBA_513_jpg.rf.2547e64006e2b47efe27e5bbad5f0797.jpg, 1, 0, 0, 0, 1, 0, 0, 1, 0, 0, 1, 0, 0, 1, 0, 0
PCBA_273_jpg.rf.21498829ead427f0d27f5282efc3eb1e.jpg, 0, 0, 0, 0, 1, 0, 0, 0, 0, 0, 0, 0, 0, 0, 0, 0
PCBA_354_jpg.rf.20b5aa2914c3e211b7152aae0cdd0b8b.jpg, 0, 0, 0, 0, 0, 0, 0, 0, 1, 0, 0, 0, 0, 0, 0, 0
PCBA_579_jpg.rf.2417b2937d78b9d934c1bf89efb00233.jpg, 1, 1, 0, 0, 1, 0, 1, 0, 0, 0, 0, 1, 0, 1, 0, 0
PCBA_45_jpg.rf.20ce692c2757e2ddea03f998498a98ff.jpg, 1, 1, 0, 0, 1, 1, 1, 0, 0, 0, 1, 0, 0, 1, 0, 0
PCBA_71_jpg.rf.22f4b8d4b9ae2a7225a5bcdf0452360c.jpg, 1, 1, 0, 0, 1, 0, 0, 0, 0, 0, 0, 0, 0, 1, 0, 0
PCBA_31_jpg.rf.20dab88150bf7ebd92b6af287be998b1.jpg, 1, 1, 0, 0, 1, 0, 1, 1, 0, 0, 0, 0, 0, 1, 1, 0
PCBA_552_jpg.rf.205186ca90c033ef4e408bf2cb26cf00.jpg, 1, 1, 0, 0, 1, 0, 1, 1, 1, 0, 0, 0, 0, 1, 1, 1
transistor45_jpg.rf.25fbceb6ec08b105eb8ccf6d87c823e9.jpg, 0, 0, 0, 0, 0, 0, 0, 0, 0, 0, 0, 0, 0, 0, 0, 1
PCBA_20_jpg.rf.24c670528d1c944f1ba7d0293ec1eceb.jpg, 1, 1, 0, 0, 1, 0, 1, 0, 0, 0, 0, 0, 0, 1, 0, 0
transistor56_jpg.rf.25e1d145b53a72e22a1eccf9d9ff1ad7.jpg, 0, 0, 0, 0, 0, 0, 0, 0, 0, 0, 0, 0, 0, 0, 0, 1
transistor67_jpg.rf.25e9dd97eb0119b2b92310b9465cce86.jpg, 0, 0, 0, 0, 0, 0, 0, 0, 0, 0, 0, 0, 0, 0, 0, 1
PCBA_16_jpg.rf.21955194bb8e00745414cd25bc46e26a.jpg, 1, 1, 0, 0, 1, 0, 1, 1, 0, 0, 0, 0, 0, 1, 1, 0
clock28_jpg.rf.266fd048d0ba7c02a80b47c65fed3e5e.jpg, 0, 0, 0, 0, 0, 1, 0, 0, 0, 0, 0, 0, 0, 0, 0, 0
PCBA_152_jpg.rf.2671492ec064ada274083b66509222cf.jpg, 0, 0, 0, 0, 0, 0, 0, 1, 0, 0, 0, 0, 0, 0, 0, 0
PCBA_312_jpg.rf.2676864f6fc903155e6ef43e230e7f69.jpg, 1, 0, 0, 0, 1, 0, 1, 0, 0, 0, 1, 0, 0, 1, 0, 0
battery7_jpg.rf.26952d1df027f6fc58bd6192af26a081.jpg, 0, 0, 1, 0, 0, 0, 0, 0, 0, 0, 0, 0, 0, 0, 0, 0
PCBA_348_jpg.rf.268a3e0fc7e98d8fc546b6ab7de9e666.jpg, 1, 1, 0, 0, 1, 0, 1, 1, 0, 1, 1, 0, 0, 1, 0, 1
PCBA_355_png_jpg.rf.2674512b1bebb512a754686badbdff3a.jpg, 0, 0, 0, 0, 0, 0, 0, 0, 1, 0, 0, 0, 0, 0, 0, 0
PCBA_586_jpg.rf.297153c389672fee179390c9ced4f600.jpg, 0, 1, 0, 0, 1, 0, 0, 1, 0, 0, 1, 0, 0, 1, 0, 0
button17_jpg.rf.2798ef1db1ff24bb49c0ca617272d0ed.jpg, 0, 0, 0, 0, 0, 0, 0, 0, 0, 0, 0, 0, 0, 0, 1, 0
PCBA_542_jpg.rf.28ad1da79730df694a620efa37b92283.jpg, 0, 1, 0, 0, 0, 0, 1, 1, 0, 0, 0, 0, 1, 1, 0, 1
button2_jpg.rf.2829cac58521f55c8183b48347aea9ce.jpg, 0, 0, 0, 0, 0, 0, 0, 0, 0, 0, 0, 0, 0, 0, 1, 0
PCBA_26_jpg.rf.26fd7fefb17ac4ee6ed5bcad5279310d.jpg, 1, 1, 0, 0, 1, 0, 1, 1, 0, 0, 1, 0, 0, 1, 0, 1
PCBA_275_jpg.rf.26db1c2a1438fc10ff4de15bcb8e077e.jpg, 0, 0, 0, 0, 1, 1, 0, 0, 0, 0, 0, 0, 0, 0, 0, 1
PCBA_504_jpg.rf.2a345e76366e860fbec8bdb6aeb6b97d.jpg, 0, 0, 0, 0, 1, 0, 0, 0, 0, 0, 0, 0, 0, 1, 0, 1
PCBA_509_jpg.rf.2924e643cb79d5c0d24d78b9302a565e.jpg, 0, 0, 0, 0, 0, 0, 0, 0, 0, 0, 0, 0, 0, 1, 0, 1
PCBA_334_jpg.rf.26ad8ad647c6e9e06d06b0c4cb73209a.jpg, 0, 0, 1, 0, 0, 0, 0, 0, 0, 0, 0, 0, 0, 0, 0, 0
PCBA_194_jpg.rf.270724616e64e0dc9296d07256b0bea2.jpg, 0, 1, 0, 1, 0, 0, 0, 0, 0, 0, 0, 0, 0, 1, 1, 0
diode3_jpg.rf.26da2dd8f14dceb7984af7bfac16a2b1.jpg, 0, 0, 0, 0, 0, 0, 0, 1, 0, 0, 0, 0, 0, 0, 0, 0
PCBA_78_jpg.rf.2b83f29a68776f36d9759752621a9d8f.jpg, 1, 1, 0, 0, 1, 0, 1, 0, 0, 0, 0, 0, 0, 1, 0, 1
PCBA_570_jpg.rf.2b04d3b35c3aca6262254842ecb6a3fb.jpg, 1, 1, 0, 0, 1, 0, 1, 0, 0, 0, 0, 1, 0, 1, 0, 1
PCBA_178_jpg.rf.2b53063de2fbd9a5dbec5dd5df073c65.jpg, 0, 1, 0, 1, 0, 0, 1, 0, 0, 0, 0, 0, 0, 1, 1, 0
PCBA_79_jpg.rf.2e83af5283b53294490b6529d38428a6.jpg, 1, 1, 0, 0, 1, 0, 0, 0, 0, 0, 0, 0, 0, 1, 0, 1
PCBA_333_jpg.rf.2c6f26836dd9498a95a5c560bdc281fb.jpg, 0, 0, 0, 1, 0, 0, 1, 0, 0, 0, 0, 0, 0, 1, 0, 1
PCBA_32_jpg.rf.2bcad6151e03d3d1005b8f9492768b64.jpg, 1, 1, 0, 0, 1, 0, 1, 0, 0, 0, 0, 0, 0, 1, 0, 0
transistor30_jpg.rf.2a9cf74bfa49ede636e51479224e43ad.jpg, 0, 0, 0, 0, 0, 0, 0, 0, 0, 0, 0, 0, 0, 0, 0, 1
PCBA_285_jpg.rf.2c566913c32dbe59d080033c37ec73ad.jpg, 0, 1, 0, 0, 1, 0, 1, 0, 0, 0, 0, 0, 0, 1, 0, 1
PCBA_588_jpg.rf.2c113df3f399ffcc9148aa2085e309df.jpg, 0, 1, 0, 1, 0, 0, 0, 0, 0, 0, 0, 0, 0, 1, 0, 1
PCBA_543_jpg.rf.2c0bb2220884c84670fb2846881d72df.jpg, 1, 1, 0, 0, 0, 0, 1, 1, 0, 0, 0, 0, 1, 1, 0, 1
PCBA_59_jpg.rf.2e1053ff7b79af6fc57c26daa0b4d4b6.jpg, 1, 1, 0, 0, 1, 0, 1, 0, 0, 0, 0, 0, 0, 1, 0, 0
PCBA_606_jpg.rf.2c91fcaab0acc493b1e29f7b8df6c7d6.jpg, 0, 0, 0, 0, 1, 0, 0, 0, 0, 0, 0, 0, 0, 0, 0, 0
PCBA_84_jpg.rf.2de0ca6ee89f842cafb0577b7d68e6bd.jpg, 1, 1, 0, 0, 1, 0, 1, 1, 0, 0, 0, 0, 0, 1, 0, 0
PCBA_341_jpg.rf.2d8ce7516c186e087e637cb2d21e4ccb.jpg, 0, 0, 0, 0, 0, 0, 0, 0, 1, 0, 0, 0, 0, 0, 0, 0
PCBA_542_jpg.rf.2f3a30be1c2e712ceb7406ede843e59d.jpg, 0, 1, 0, 0, 0, 0, 1, 1, 0, 0, 0, 0, 1, 1, 0, 1
PCBA_339_jpg.rf.2edae48f20fcfaf776bf626e87570b56.jpg, 0, 1, 1, 1, 0, 0, 0, 0, 0, 0, 0, 0, 0, 1, 1, 0
PCBA_91_jpg.rf.2ef3a5650d9c075919cfc4fd6da029b8.jpg, 1, 1, 0, 0, 1, 0, 0, 0, 0, 0, 1, 0, 0, 1, 1, 0
button1_jpg.rf.2f625a659be2127f4c2d8485ee4f0b48.jpg, 0, 0, 0, 0, 0, 0, 0, 0, 0, 0, 0, 0, 0, 0, 1, 0
PCBA_142_jpg.rf.2fa397dec6c12919da13842e0eec1238.jpg, 0, 0, 1, 0, 0, 0, 0, 0, 0, 0, 0, 0, 0, 0, 0, 0
diode17_jpg.rf.3077281766772480e2154698afba705a.jpg, 0, 0, 0, 0, 0, 0, 0, 1, 0, 0, 0, 0, 0, 0, 0, 0
capacitor62_jpg.rf.316ef80e5b5375b7ba92c329d7eaef10.jpg, 0, 0, 0, 0, 1, 0, 0, 0, 0, 0, 0, 0, 0, 0, 0, 0
PCBA_577_jpg.rf.33c94eb14b6e39326ce18127d5050e95.jpg, 1, 1, 0, 0, 1, 0, 1, 0, 0, 0, 0, 1, 0, 1, 0, 0
PCBA_52_jpg.rf.34dfd6c1454bebedc0eb50294446e586.jpg, 1, 1, 0, 0, 0, 0, 1, 0, 0, 0, 0, 0, 0, 1, 0, 0
PCBA_178_jpg.rf.36c5885af79f346b6748e44f6fcc8a0a.jpg, 0, 1, 0, 1, 0, 0, 1, 0, 0, 0, 0, 0, 0, 1, 1, 0
PCBA_83_jpg.rf.2fcb2bac0e87912b4fc57cfba7e0f34a.jpg, 1, 0, 0, 0, 1, 0, 0, 0, 0, 0, 0, 0, 0, 1, 0, 1
PCBA_5_jpg.rf.31bbde52922bd22a5ad9a8d05522d26d.jpg, 1, 0, 0, 0, 1, 0, 1, 0, 0, 0, 0, 0, 0, 1, 0, 1
PCBA_43_jpg.rf.355805188dead0623d88deee8e4f547e.jpg, 1, 1, 0, 0, 1, 0, 1, 1, 0, 0, 0, 0, 0, 1, 0, 0
PCBA_347_jpg.rf.32db9c616ff8cfe5ad879c67318c041a.jpg, 0, 1, 0, 1, 1, 0, 0, 0, 0, 0, 0, 0, 0, 0, 0, 1
diode17_jpg.rf.2fa74a7538190eaf97f0fdf357f11b94.jpg, 0, 0, 0, 0, 0, 0, 0, 1, 0, 0, 0, 0, 0, 0, 0, 0
PCBA_16_jpg.rf.34da297e4ec5de5f5cc16db8df264ed1.jpg, 1, 1, 0, 0, 1, 0, 1, 1, 0, 0, 0, 0, 0, 1, 1, 0
PCBA_61_jpg.rf.320edf181adcf8e706aafc0a544d3c99.jpg, 1, 1, 0, 0, 1, 0, 0, 0, 0, 0, 0, 0, 0, 1, 0, 0
PCBA_384_jpg.rf.37de7236f69d0e05e587b2581f4fa52b.jpg, 0, 0, 0, 0, 0, 0, 1, 0, 0, 0, 0, 0, 0, 0, 1, 0
inductor29_jpg.rf.361eddd1c557b219e661a6134f448a17.jpg, 0, 0, 0, 0, 0, 0, 0, 0, 0, 0, 1, 0, 0, 0, 0, 0
PCBA_279_jpg.rf.31ca4f130afe35464ff82b31c52df7bc.jpg, 1, 0, 0, 0, 1, 0, 0, 0, 0, 0, 0, 0, 0, 1, 0, 0
PCBA_590_jpg.rf.3116c91f20c9e792668427c27819e7ed.jpg, 0, 0, 0, 1, 0, 0, 0, 0, 0, 0, 0, 0, 0, 1, 0, 1
PCBA_557_jpg.rf.3549c68d262072a9d2f7a9249d934273.jpg, 0, 1, 0, 0, 1, 1, 0, 0, 0, 0, 0, 0, 0, 1, 0, 0
PCBA_592_jpg.rf.2f8433d8978daf79e3a57876b8e71acd.jpg, 0, 0, 0, 0, 0, 0, 1, 0, 0, 0, 0, 0, 0, 0, 1, 0
PCBA_286_jpg.rf.36e237595b37994de60399d84e9f5116.jpg, 1, 1, 0, 0, 1, 0, 1, 1, 0, 0, 1, 0, 0, 1, 0, 1
PCBA_114_jpg.rf.36775bf1148fd72e4023392cd84ecdb3.jpg, 1, 1, 0, 0, 1, 0, 0, 1, 0, 0, 1, 1, 0, 1, 0, 0
transistor51_jpg.rf.3518e67c0b3dc10986e2aa4d105521c8.jpg, 0, 0, 0, 0, 0, 0, 0, 0, 0, 0, 0, 0, 0, 0, 0, 1
PCBA_364_jpg.rf.31fff04a30bfd486091327388eb0d32c.jpg, 0, 0, 0, 0, 0, 0, 0, 0, 1, 0, 0, 0, 0, 0, 0, 0
PCBA_160_jpg.rf.380552afc97aa2c2ad6de8288d3020d0.jpg, 1, 1, 0, 0, 1, 0, 1, 0, 0, 0, 0, 1, 1, 1, 0, 1
PCBA_173_jpg.rf.3844713102ce84a288ccb9f5b1fa3846.jpg, 1, 1, 0, 0, 1, 0, 1, 1, 0, 1, 0, 0, 0, 1, 1, 0
PCBA_582_jpg.rf.349e539d6efa83b91d54e6b3f6ad516e.jpg, 0, 0, 0, 0, 0, 0, 1, 0, 0, 0, 0, 0, 0, 0, 1, 0
PCBA_68_jpg.rf.36ad18e1805a5886b24229623b3ec3ed.jpg, 1, 1, 0, 0, 1, 0, 0, 0, 0, 0, 0, 0, 0, 1, 0, 0
PCBA_98_jpg.rf.38811cc8fdf32e4e737c576e13b8d194.jpg, 1, 0, 0, 0, 1, 0, 0, 0, 0, 0, 0, 0, 0, 1, 0, 0
clock28_jpg.rf.38edca7dfa653e7058985964b331b179.jpg, 0, 0, 0, 0, 0, 1, 0, 0, 0, 0, 0, 0, 0, 0, 0, 0
transistor33_jpg.rf.3a128c2e3d34d0ce66a39bc7fcd66838.jpg, 0, 0, 0, 0, 0, 0, 0, 0, 0, 0, 0, 0, 0, 0, 0, 1
PCBA_178_jpg.rf.3b9b711365d53f567c32106ffb1d4925.jpg, 0, 1, 0, 1, 0, 0, 1, 0, 0, 0, 0, 0, 0, 1, 1, 0
transistor78_jpg.rf.391bd6962600bda2934f128f0128006b.jpg, 0, 0, 0, 0, 0, 0, 0, 0, 0, 0, 0, 0, 0, 0, 0, 1
PCBA_61_jpg.rf.3a86f2bc3f70dd43009165db086d9694.jpg, 1, 1, 0, 0, 1, 0, 0, 0, 0, 0, 0, 0, 0, 1, 0, 0
PCBA_311_jpg.rf.38ee60b6b2d4a7333b99a05f44fcfa56.jpg, 1, 0, 0, 0, 1, 0, 1, 0, 0, 0, 1, 0, 0, 0, 1, 0
PCBA_153_jpg.rf.3902371f729c6d12bea5e5d978c97d12.jpg, 0, 0, 0, 0, 1, 0, 0, 1, 0, 0, 0, 0, 0, 0, 0, 0
PCBA_90_jpg.rf.3a797e2633eabd6d83c2e6f68ca4ef01.jpg, 1, 0, 0, 0, 0, 0, 0, 0, 0, 0, 0, 0, 0, 0, 0, 0
PCBA_144_jpg.rf.3c686d7fd80d1f8232bb81e7c30e5abe.jpg, 1, 1, 1, 0, 1, 1, 0, 0, 0, 0, 0, 0, 0, 1, 0, 1
PCBA_124_jpg.rf.3a587fa72e5c95ade8bf33245ab03aa2.jpg, 0, 0, 0, 1, 0, 0, 1, 0, 0, 0, 0, 0, 0, 1, 0, 1
PCBA_136_jpg.rf.3d348439f18f6f0954250d68a71610d6.jpg, 1, 1, 0, 0, 1, 0, 0, 1, 0, 0, 1, 0, 0, 1, 0, 0
PCBA_49_jpg.rf.3b87cee0334930266e39ee045aabc2d8.jpg, 1, 1, 0, 0, 1, 0, 0, 0, 0, 0, 0, 0, 0, 1, 0, 0
battery4_jpg.rf.3c9be9d34ff724ed4c2ecdd071927441.jpg, 0, 0, 1, 0, 0, 0, 0, 0, 0, 0, 0, 0, 0, 0, 0, 0
PCBA_319_jpg.rf.3f22f0e31d978fd1c9424f0725a7f3cd.jpg, 0, 0, 1, 0, 0, 0, 0, 0, 0, 0, 0, 0, 0, 0, 0, 0
diode8_jpg.rf.3ef8a6fc1ddd948be16c3e12799bbb62.jpg, 0, 0, 0, 0, 0, 0, 0, 1, 0, 0, 0, 0, 0, 0, 0, 0
PCBA_538_jpg.rf.3ab1fc1fd875b90e37360d7ef2efd187.jpg, 0, 0, 0, 0, 0, 0, 0, 1, 0, 0, 0, 0, 0, 1, 0, 0
PCBA_154_jpg.rf.3c9f97ebf333a5e72f5ce8e5f5d71848.jpg, 1, 1, 1, 1, 1, 1, 1, 1, 0, 1, 1, 0, 0, 1, 0, 1
PCBA_565_jpg.rf.3d463b56ef77d1fd6d3f87da757b3e7b.jpg, 0, 0, 0, 0, 0, 0, 0, 0, 0, 0, 0, 0, 0, 0, 1, 0
PCBA_9_jpg.rf.3b0877be5aaf32d208d35d1ec21d3179.jpg, 1, 1, 0, 1, 1, 0, 1, 1, 0, 0, 1, 1, 0, 1, 1, 0
PCBA_76_jpg.rf.3dc06f716a0f6e53fb7bf5f0b0cf6c11.jpg, 1, 0, 0, 0, 1, 0, 1, 1, 0, 0, 1, 0, 0, 1, 0, 0
PCBA_95_jpg.rf.3f5495a462696a4f9ee2d8b03515d398.jpg, 1, 1, 0, 0, 1, 0, 0, 0, 0, 0, 0, 0, 0, 1, 0, 1
inductor4_jpg.rf.3a2ff28a1d9a76c9845710f94797df7a.jpg, 0, 0, 0, 0, 0, 0, 0, 0, 0, 0, 1, 0, 0, 0, 0, 0
PCBA_506_jpg.rf.3ee68b213f9e583b072400d7a15a5cde.jpg, 0, 0, 0, 0, 0, 0, 0, 0, 0, 0, 0, 0, 0, 0, 0, 1
PCBA_507_jpg.rf.3c1c50925a52eaf56bf5f81934ac2b45.jpg, 0, 0, 0, 0, 0, 0, 0, 0, 0, 0, 0, 0, 0, 0, 0, 1
PCBA_381_jpg.rf.3c91efe29449b9b1e7ea6022babd0eda.jpg, 0, 0, 0, 0, 0, 0, 0, 0, 0, 1, 0, 0, 0, 0, 0, 0
PCBA_140_jpg.rf.3ec493c36c443065389c61a2e26d3c6c.jpg, 0, 0, 1, 0, 0, 0, 0, 0, 0, 0, 0, 0, 0, 0, 0, 0
PCBA_5_jpg.rf.3dce2eb4466398131de33cdefabdba1e.jpg, 1, 0, 0, 0, 1, 0, 1, 0, 0, 0, 0, 0, 0, 1, 0, 1
PCBA_185_jpg.rf.4074529ffa6a5350b48aae0c048cb482.jpg, 1, 0, 0, 1, 0, 0, 1, 0, 0, 0, 0, 0, 0, 0, 1, 1
PCBA_360_jpg.rf.3f8c60f22cc735da13e5938196ab7e04.jpg, 0, 0, 0, 0, 0, 0, 0, 0, 1, 0, 0, 0, 0, 0, 0, 0
PCBA_111_jpg.rf.3f9b4087438e4296d1924317e3e4d84c.jpg, 1, 0, 0, 1, 1, 0, 1, 1, 0, 0, 1, 0, 0, 1, 0, 1
PCBA_25_jpg.rf.3ff0e992e67a6be7089720d6b3962830.jpg, 1, 1, 0, 0, 1, 0, 1, 0, 0, 0, 0, 0, 0, 1, 0, 0
PCBA_347_jpg.rf.418b581b57e8229402331bbf508b94bf.jpg, 0, 1, 0, 1, 1, 0, 0, 0, 0, 0, 0, 0, 0, 0, 0, 1
PCBA_31_jpg.rf.41c4dbfbdf1bc0a0da8474c9f6f8f847.jpg, 1, 1, 0, 0, 1, 0, 1, 1, 0, 0, 0, 0, 0, 1, 1, 0
PCBA_620_jpg.rf.4052b4fe432f3e2d24f433943831ab88.jpg, 1, 1, 0, 0, 1, 1, 0, 0, 0, 0, 0, 0, 0, 1, 0, 0
PCBA_548_jpg.rf.40860cb9b8cf61cd547f4b59a2aa7234.jpg, 1, 1, 0, 0, 1, 0, 1, 0, 0, 0, 0, 1, 0, 1, 0, 1
PCBA_133_jpg.rf.41e705dfd2874c4df21b1355ee1dfb7a.jpg, 0, 0, 0, 1, 0, 0, 1, 0, 0, 0, 0, 0, 0, 0, 0, 0
PCBA_560_jpg.rf.40aef020346684794c01ec168ab99836.jpg, 1, 0, 0, 0, 0, 1, 0, 0, 0, 0, 0, 0, 0, 0, 0, 0
PCBA_188_jpg.rf.43c5a9e8cb32ed757b671b5c84fe98f1.jpg, 0, 1, 0, 0, 0, 0, 1, 1, 0, 0, 0, 0, 0, 1, 0, 0
PCBA_96_jpg.rf.41eeb4047e17eea441c41f72a8721bf6.jpg, 0, 1, 0, 0, 0, 0, 1, 0, 0, 1, 0, 0, 0, 1, 1, 0
PCBA_111_jpg.rf.44b1a9e9a33f29ed763ee3362af43865.jpg, 1, 0, 0, 1, 1, 0, 1, 1, 0, 0, 1, 0, 0, 1, 0, 1
inductor49_jpg.rf.42177b572de95949a3eeecf5433be591.jpg, 0, 0, 0, 0, 0, 0, 0, 0, 0, 0, 1, 0, 0, 0, 0, 0
PCBA_202_jpg.rf.400df6fe8b964eac65c28ad956581340.jpg, 0, 1, 0, 0, 0, 0, 0, 0, 0, 0, 0, 0, 0, 1, 0, 1
PCBA_245_jpg.rf.43d90947c0ee14a474e7113060a80809.jpg, 0, 0, 0, 0, 1, 0, 1, 0, 1, 0, 0, 0, 0, 1, 1, 0
inductor44_jpg.rf.416d517720a380534394c0d862750767.jpg, 0, 0, 0, 0, 0, 0, 0, 0, 0, 0, 1, 0, 0, 0, 0, 0
PCBA_379_jpg.rf.44efdde9d507cf7e01a6b6271a9f38ad.jpg, 0, 0, 0, 0, 0, 0, 0, 0, 0, 1, 0, 0, 0, 1, 0, 0
PCBA_334_jpg.rf.42842864b523e32863129c3dff9e8020.jpg, 0, 0, 1, 0, 0, 0, 0, 0, 0, 0, 0, 0, 0, 0, 0, 0
battery2_jpg.rf.439f8e9188e265164f08ddd14ad27c62.jpg, 0, 0, 1, 0, 0, 0, 0, 0, 0, 0, 0, 0, 0, 0, 0, 0
PCBA_213_jpg.rf.45a74b6c4eabd4953fc21154c438485a.jpg, 1, 0, 0, 0, 1, 1, 0, 0, 0, 0, 0, 0, 0, 0, 0, 0
PCBA_358_jpg.rf.464f3d0bb4ffefed4fda05064fd484ff.jpg, 0, 0, 0, 0, 0, 0, 1, 0, 1, 0, 0, 0, 0, 1, 0, 0
PCBA_311_jpg.rf.45fa24c03f6c71ab1acdd258d149f93e.jpg, 1, 0, 0, 0, 1, 0, 1, 0, 0, 0, 1, 0, 0, 0, 1, 0
PCBA_272_jpg.rf.3f730abe877a2cd1c3f29a860e68f01f.jpg, 0, 0, 0, 0, 0, 0, 0, 0, 0, 0, 1, 0, 0, 0, 0, 0
PCBA_545_jpg.rf.454e68a1d3db90c9b9217fd9772a4b17.jpg, 1, 1, 0, 0, 0, 0, 1, 1, 0, 0, 0, 0, 1, 1, 0, 1
inductor49_jpg.rf.470126ca375e039a22c156b5b826ea72.jpg, 0, 0, 0, 0, 0, 0, 0, 0, 0, 0, 1, 0, 0, 0, 0, 0
PCBA_35_jpg.rf.474c20b04a238d71fcc07ccfc9df3a08.jpg, 1, 1, 0, 0, 1, 0, 1, 0, 0, 0, 0, 0, 0, 1, 0, 0
PCBA_164_jpg.rf.475d544cffa06cf372f6ab1c2e172ae1.jpg, 0, 1, 0, 0, 0, 0, 1, 1, 0, 0, 0, 0, 1, 1, 0, 1
PCBA_66_jpg.rf.478143fcddc9712b37421057b77cf641.jpg, 1, 1, 0, 0, 1, 0, 0, 0, 0, 0, 0, 1, 0, 1, 0, 1
PCBA_127_jpg.rf.47b937846c88ff71056a5b9d7d2f0e94.jpg, 1, 1, 0, 0, 1, 0, 0, 0, 0, 0, 0, 0, 0, 1, 0, 0
PCBA_282_jpg.rf.4800d090770dd2b204961fb17b7c42e6.jpg, 0, 0, 0, 1, 0, 0, 1, 0, 0, 0, 0, 0, 0, 1, 0, 1
PCBA_170_jpg.rf.47eee2bb39bad40f7b77a816fff9a9e6.jpg, 0, 0, 0, 1, 0, 0, 1, 0, 0, 0, 0, 0, 0, 0, 0, 0
PCBA_506_jpg.rf.490060097a9d35eadafa29f0823bf030.jpg, 0, 0, 0, 0, 0, 0, 0, 0, 0, 0, 0, 0, 0, 0, 0, 1
PCBA_106_jpg.rf.48c115d21d1ec8915415700290726a3d.jpg, 1, 1, 0, 0, 1, 1, 1, 1, 0, 0, 1, 0, 0, 1, 1, 1
PCBA_612_jpg.rf.4861461e5cc92504c21bb6d7defd0320.jpg, 0, 0, 0, 0, 1, 0, 0, 0, 0, 0, 0, 0, 0, 1, 0, 1
PCBA_82_jpg.rf.491a8ea659b4b13622dd0b68ef6c6d42.jpg, 1, 0, 0, 0, 1, 0, 1, 1, 0, 0, 0, 1, 0, 1, 0, 1
PCBA_602_jpg.rf.485ff9af0dbf34de01275e89e2840ed2.jpg, 0, 0, 0, 0, 1, 0, 0, 0, 0, 0, 0, 0, 0, 1, 0, 1
PCBA_531_jpg.rf.498196b02456837b8ba9f6494dc8bccd.jpg, 0, 0, 0, 0, 1, 0, 0, 0, 0, 0, 0, 0, 0, 1, 0, 1
PCBA_143_jpg.rf.4bf3cc47195a0a1bdda3dfbecc0bfd35.jpg, 1, 1, 0, 0, 1, 0, 0, 0, 0, 0, 0, 0, 0, 1, 0, 0
PCBA_266_jpg.rf.4ad8cc13714661c6747b7b55538367ae.jpg, 0, 1, 0, 0, 1, 1, 0, 0, 0, 0, 0, 0, 0, 1, 1, 0
PCBA_36_jpg.rf.4829f2af4e5f922cc61ed6211d3c7c4d.jpg, 1, 1, 0, 0, 1, 0, 1, 0, 0, 0, 0, 0, 0, 1, 0, 0
PCBA_501_jpg.rf.495baefad445342904be39d016e367a4.jpg, 0, 0, 0, 0, 0, 0, 0, 0, 0, 0, 0, 0, 0, 0, 0, 1
PCBA_580_jpg.rf.4707e151544735065588f4dd76fc8679.jpg, 1, 0, 0, 0, 1, 1, 0, 0, 0, 0, 0, 0, 0, 1, 0, 1
PCBA_133_jpg.rf.4ba076b30e090ea78c1ea20e4b49884d.jpg, 0, 0, 0, 1, 0, 0, 1, 0, 0, 0, 0, 0, 0, 0, 0, 0
PCBA_244_jpg.rf.485114a287c5e7aee9d061989a8fdd37.jpg, 0, 0, 0, 0, 0, 0, 0, 0, 1, 0, 0, 0, 0, 0, 0, 0
PCBA_358_jpg.rf.4bf9fc4b0a0e9e8b44d31282dacf6cec.jpg, 0, 0, 0, 0, 0, 0, 1, 0, 1, 0, 0, 0, 0, 1, 0, 0
transistor26_jpg.rf.49f8ec3aa9701b4565699903b2f827e8.jpg, 0, 0, 0, 0, 0, 0, 0, 0, 0, 0, 0, 0, 0, 0, 0, 1
inductor57_jpg.rf.4ccb1bb265b02b7b8793c0e3ff3ecfa4.jpg, 0, 0, 0, 0, 0, 0, 0, 0, 0, 0, 1, 0, 0, 0, 0, 0
clock4_jpg.rf.4b5d7b24e81ff6a2c751f6b45eb0cc5d.jpg, 0, 0, 0, 0, 0, 1, 0, 0, 0, 0, 0, 0, 0, 0, 0, 0
PCBA_314_jpg.rf.4b01fa8015cb7c1f1630107071a4c0dd.jpg, 0, 1, 0, 1, 0, 0, 0, 0, 0, 0, 0, 1, 0, 1, 0, 0
PCBA_574_jpg.rf.4c554663416be6c19e6c34e38e09a2f6.jpg, 1, 1, 0, 0, 0, 0, 1, 1, 0, 0, 0, 0, 1, 1, 0, 1
PCBA_543_jpg.rf.4a2d796639538f957bad199264e63d24.jpg, 1, 1, 0, 0, 0, 0, 1, 1, 0, 0, 0, 0, 1, 1, 0, 1
PCBA_150_jpg.rf.4b34139942bf1d900d981b3643e7ccf4.jpg, 1, 1, 0, 0, 1, 0, 1, 1, 0, 0, 1, 0, 0, 1, 1, 1
PCBA_176_jpg.rf.4c7ff9e03a09fb4e474c220ffe0fbedc.jpg, 0, 1, 0, 0, 0, 0, 1, 1, 0, 1, 0, 0, 0, 1, 1, 0
PCBA_29_jpg.rf.4cd7607fe99cb3c6043de3a331299888.jpg, 1, 1, 0, 0, 1, 0, 0, 0, 0, 0, 0, 0, 0, 1, 1, 0
PCBA_305_jpg.rf.4d71a0c5630f8523cae9bb5210decd6c.jpg, 1, 0, 0, 0, 1, 0, 0, 1, 0, 0, 1, 0, 0, 1, 0, 0
PCBA_114_jpg.rf.4d5a5033ebefc152a58bb1324b9c2606.jpg, 1, 1, 0, 0, 1, 0, 0, 1, 0, 0, 1, 1, 0, 1, 0, 0
transistor30_jpg.rf.4da898250e364da1b4d22ccd43e35712.jpg, 0, 0, 0, 0, 0, 0, 0, 0, 0, 0, 0, 0, 0, 0, 0, 1
potentiometer20_jpg.rf.4e9a9b5dd3cff2dc9f403d8e75e7564e.jpg, 0, 0, 0, 0, 0, 0, 0, 0, 0, 0, 0, 1, 0, 0, 0, 0
inductor3_jpg.rf.5013e2f3f2e2c297d6cdffe4576cdb2c.jpg, 0, 0, 0, 0, 0, 0, 0, 0, 0, 0, 1, 0, 0, 0, 0, 0
PCBA_327_jpg.rf.4f841d7eb1c69c68c2f11506d1de20f7.jpg, 0, 0, 1, 0, 0, 0, 0, 0, 0, 0, 0, 0, 0, 0, 0, 0
PCBA_246_jpg.rf.5095acb4d341098b2b6d1587492bb861.jpg, 0, 0, 0, 0, 1, 0, 1, 0, 0, 0, 0, 0, 0, 1, 0, 1
PCBA_561_jpg.rf.4f2a400772521e50c9ca172fa4c62cb8.jpg, 1, 0, 0, 0, 1, 0, 0, 0, 0, 0, 0, 0, 0, 1, 0, 1
PCBA_262_jpg.rf.4e9edee02906e30a13c5613f2d413303.jpg, 0, 0, 0, 0, 0, 0, 1, 0, 0, 1, 0, 0, 0, 0, 1, 0
PCBA_40_jpg.rf.512a90ded1fd41bb3f21e4a815c29287.jpg, 1, 1, 0, 0, 1, 0, 1, 0, 0, 0, 0, 0, 0, 1, 0, 1
PCBA_355_png_jpg.rf.4e60a455a0a60acdf301607fa449ec3c.jpg, 0, 0, 0, 0, 0, 0, 0, 0, 1, 0, 0, 0, 0, 0, 0, 0
PCBA_72_jpg.rf.52f2105942177aa277ba773356d7ebbd.jpg, 1, 1, 1, 0, 1, 1, 0, 0, 0, 0, 0, 0, 0, 1, 0, 1
inductor30_jpg.rf.4fbc13fc1dfb463da6c4f99f2a614bfe.jpg, 0, 0, 0, 0, 0, 0, 0, 0, 0, 0, 1, 0, 0, 0, 0, 0
PCBA_324_jpg.rf.527aa9b123580d0f7044501c9e7c5f1e.jpg, 0, 0, 0, 0, 0, 0, 0, 1, 0, 0, 1, 0, 0, 0, 0, 0
PCBA_284_jpg.rf.5225ef3c7d1361a7f016730841b4acd6.jpg, 1, 0, 0, 0, 1, 0, 0, 0, 0, 0, 0, 0, 0, 1, 1, 1
PCBA_201_jpg.rf.5069e7c1655690e1d7c115987f60c25d.jpg, 0, 0, 0, 0, 0, 0, 0, 0, 0, 1, 0, 0, 0, 0, 0, 0
PCBA_521_jpg.rf.4f64053c3f8e25bd747a84661eb1cc2a.jpg, 0, 0, 1, 0, 1, 0, 0, 1, 0, 0, 1, 0, 0, 1, 0, 0
PCBA_556_jpg.rf.53903f16d7b450d65a9833499d4910ab.jpg, 1, 0, 0, 0, 1, 0, 0, 0, 0, 0, 0, 0, 0, 1, 0, 1
capacitor197_jpg.rf.4f920d046965ca5c9e687299c8e673d2.jpg, 0, 0, 0, 0, 1, 0, 0, 0, 0, 0, 0, 0, 0, 0, 0, 0
PCBA_368_jpg.rf.51061c0fe17cd2895a796ea5fdd4d768.jpg, 1, 0, 0, 0, 0, 0, 0, 0, 1, 0, 0, 0, 0, 1, 0, 0
PCBA_139_jpg.rf.502f3764598bf90546e1554f9c6cc04d.jpg, 1, 0, 1, 0, 1, 1, 0, 1, 0, 0, 0, 0, 0, 1, 0, 0
PCBA_313_jpg.rf.52f367b936e09362b4456063b6ea83b1.jpg, 1, 1, 0, 0, 1, 0, 0, 0, 0, 0, 0, 0, 0, 1, 1, 0
PCBA_325_jpg.rf.50e648efba7fd79d3d05fb2d09daa148.jpg, 0, 0, 1, 0, 0, 0, 0, 0, 0, 0, 0, 0, 0, 0, 0, 0
PCBA_526_jpg.rf.5358a402a78ead4f769649d8b62aec75.jpg, 1, 0, 0, 0, 1, 0, 0, 0, 0, 0, 0, 0, 0, 1, 0, 1
PCBA_209_jpg.rf.5294907ffefd887287b6664f454a7fcf.jpg, 1, 1, 0, 0, 1, 0, 1, 1, 0, 0, 0, 0, 0, 1, 0, 0
PCBA_334_jpg.rf.54164931038c18db8df7e8b93912702b.jpg, 0, 0, 1, 0, 0, 0, 0, 0, 0, 0, 0, 0, 0, 0, 0, 0
PCBA_567_jpg.rf.5453ccc88c3d813b725e35657175c5db.jpg, 0, 0, 0, 0, 1, 0, 0, 0, 0, 0, 0, 0, 0, 0, 0, 1
PCBA_273_jpg.rf.52d9d1ba92a7223e9843f3830bf5f0d4.jpg, 0, 0, 0, 0, 1, 0, 0, 0, 0, 0, 0, 0, 0, 0, 0, 0
transistor49_jpg.rf.50245ba13d93de6dd63733737e182dd1.jpg, 0, 0, 0, 0, 0, 0, 0, 0, 0, 0, 0, 0, 0, 0, 0, 1
PCBA_144_jpg.rf.54acb90090b05973010b141e182ad4e6.jpg, 1, 1, 1, 0, 1, 1, 0, 0, 0, 0, 0, 0, 0, 1, 0, 1
transistor53_jpg.rf.561763e4a5498de27933ce64e865e82e.jpg, 0, 0, 0, 0, 0, 0, 0, 0, 0, 0, 0, 0, 0, 0, 0, 1
PCBA_267_jpg.rf.566b39da4aad948a488c3ae63db0f87a.jpg, 1, 0, 0, 0, 1, 1, 1, 0, 0, 0, 0, 0, 0, 1, 1, 0
PCBA_175_jpg.rf.56869e5ed2de088769a1efdecd671584.jpg, 0, 0, 0, 1, 0, 0, 1, 0, 0, 0, 0, 0, 0, 1, 0, 1
PCBA_299_jpg.rf.58acb6a7138e6d62600e69eb2c333488.jpg, 1, 0, 0, 0, 1, 0, 0, 1, 0, 0, 1, 0, 0, 0, 0, 0
PCBA_137_jpg.rf.54c5d8349328b7e8860217712938da5d.jpg, 1, 1, 1, 0, 0, 1, 0, 0, 0, 0, 0, 0, 0, 1, 0, 0
PCBA_33_jpg.rf.5844518bab9086dbed642488b995157f.jpg, 1, 1, 0, 0, 1, 1, 1, 0, 0, 0, 0, 0, 0, 1, 0, 0
PCBA_335_jpg.rf.571dbd61541f34f412c2bee7b2b8d1a4.jpg, 1, 0, 0, 0, 1, 1, 0, 0, 0, 0, 0, 0, 0, 1, 0, 0
PCBA_48_jpg.rf.5603c11eee5f06fdc67127716a866b22.jpg, 1, 1, 0, 0, 1, 0, 1, 0, 0, 0, 0, 0, 0, 1, 0, 0
PCBA_354_jpg.rf.574bac491e8b4f1056ba26d78487a059.jpg, 0, 0, 0, 0, 0, 0, 0, 0, 1, 0, 0, 0, 0, 0, 0, 0
clock28_jpg.rf.5697b8237cf0bc2413a3258be3a81bc7.jpg, 0, 0, 0, 0, 0, 1, 0, 0, 0, 0, 0, 0, 0, 0, 0, 0
PCBA_584_jpg.rf.552ef6771f28863e5aded928878b10c3.jpg, 0, 1, 0, 0, 0, 0, 0, 0, 0, 0, 0, 1, 0, 0, 0, 0
transistor1_jpg.rf.54a9cbeb4cd8deb36717ca625b95dd83.jpg, 0, 0, 0, 0, 0, 0, 0, 0, 0, 0, 0, 0, 0, 0, 0, 1
PCBA_563_jpg.rf.56416fa6f11df873407e4f05eb416973.jpg, 1, 0, 0, 0, 1, 1, 0, 0, 0, 0, 0, 0, 0, 0, 0, 0
PCBA_591_jpg.rf.568697b2f479a1b3bc7756a9268c5872.jpg, 0, 0, 0, 0, 1, 0, 1, 0, 0, 0, 1, 0, 0, 0, 0, 0
PCBA_344_jpg.rf.577b74c462468d65f599103010b4bac4.jpg, 0, 0, 0, 1, 0, 0, 0, 0, 0, 0, 0, 0, 0, 0, 0, 0
PCBA_9_jpg.rf.59790c6701a7c16881fa7f7b28ff6ae3.jpg, 1, 1, 0, 1, 1, 0, 1, 1, 0, 0, 1, 0, 0, 1, 1, 0
diode25_jpg.rf.56c14b0410a6af2ff707f4296e476557.jpg, 0, 0, 0, 0, 0, 0, 0, 1, 0, 0, 0, 0, 0, 0, 0, 0
diode4_jpg.rf.593b8de34e077f96836622e43676a8bc.jpg, 0, 0, 0, 0, 0, 0, 0, 1, 0, 0, 0, 0, 0, 0, 0, 0
PCBA_197_png_jpg.rf.59f9ff21e6a5ee3cdb292ddfddca6604.jpg, 1, 0, 0, 1, 1, 0, 1, 0, 0, 0, 0, 0, 0, 1, 0, 0
PCBA_165_jpg.rf.581689f1cbe3c5631c6078990a3c35d9.jpg, 1, 1, 0, 0, 0, 0, 1, 1, 0, 0, 0, 0, 1, 1, 0, 1
PCBA_251_jpg.rf.590cd89bc59b6c130f9e447292470aa1.jpg, 0, 0, 0, 0, 0, 0, 0, 0, 1, 0, 0, 0, 0, 0, 0, 0
button2_jpg.rf.58a8215742de253660a408f776a1e08c.jpg, 0, 0, 0, 0, 0, 0, 0, 0, 0, 0, 0, 0, 0, 0, 1, 0
PCBA_159_jpg.rf.59dd4f0befbeb26f94eb52ce03a2b66e.jpg, 1, 1, 0, 0, 0, 0, 1, 1, 0, 0, 0, 0, 1, 1, 0, 1
PCBA_323_jpg.rf.5816d7e5a90a982fc37ac877f3828649.jpg, 0, 0, 1, 1, 0, 0, 0, 0, 0, 0, 0, 0, 0, 0, 0, 0
PCBA_556_jpg.rf.5ae146a399a8a90df4815437f841e5fe.jpg, 1, 0, 0, 0, 1, 0, 0, 0, 0, 0, 0, 0, 0, 1, 0, 1
PCBA_522_jpg.rf.5a342110a680c6cc950e4ca103e88909.jpg, 0, 0, 0, 0, 1, 0, 0, 0, 0, 0, 0, 0, 0, 1, 0, 1
PCBA_53_jpg.rf.5af317515b057f4dd0d08c3e5f74ffa7.jpg, 1, 1, 0, 0, 1, 0, 1, 0, 0, 0, 0, 0, 0, 1, 0, 0
potentiometer16_jpg.rf.58baac1504cfbc45bb7b558aa57b7759.jpg, 0, 0, 0, 0, 0, 0, 0, 0, 0, 0, 0, 1, 0, 0, 0, 0
PCBA_177_jpg.rf.5bb0d08ae76845d60ee74ff95fa7ff7f.jpg, 0, 1, 0, 0, 0, 0, 1, 1, 0, 1, 0, 0, 0, 1, 1, 0
PCBA_332_jpg.rf.5b0293d0afa6e3b543f2480cf45122aa.jpg, 0, 0, 0, 1, 0, 0, 0, 0, 0, 0, 0, 0, 0, 1, 0, 1
PCBA_192_jpg.rf.5b92111e78356a9dee2586b88c8e2ec5.jpg, 1, 0, 0, 1, 1, 0, 0, 1, 0, 0, 0, 1, 0, 1, 0, 0
PCBA_271_jpg.rf.5a89d0611ccf246b97567e1d020eb8c2.jpg, 0, 0, 0, 0, 0, 0, 0, 0, 0, 1, 0, 0, 0, 0, 0, 0
PCBA_280_jpg.rf.5bcf040f660508e8772064f5774a75c0.jpg, 1, 0, 0, 0, 1, 0, 0, 0, 0, 0, 0, 1, 0, 1, 0, 0
PCBA_569_jpg.rf.5c2d638ab3e938d92166ff0129969d23.jpg, 0, 0, 0, 0, 0, 0, 0, 0, 0, 0, 0, 0, 0, 0, 1, 0
inductor14_jpg.rf.5f9360bcb267e0957bfd72e8a156daaa.jpg, 0, 0, 0, 0, 0, 0, 0, 0, 0, 0, 1, 0, 0, 0, 0, 0
PCBA_345_jpg.rf.60ce755d35a0cb111ee4c2989563d82a.jpg, 0, 1, 0, 1, 1, 0, 0, 0, 0, 0, 0, 0, 0, 0, 0, 0
PCBA_372_jpg.rf.5bb3d626664104192cf4fec86a726f65.jpg, 0, 0, 1, 0, 0, 0, 0, 0, 0, 0, 0, 0, 0, 0, 0, 0
PCBA_357_jpg.rf.5b9cb865ffa9d7e79551a24cc7e81350.jpg, 0, 0, 0, 0, 0, 0, 0, 0, 1, 0, 0, 0, 0, 0, 0, 0
PCBA_612_jpg.rf.5d405cfba42c575a65388ff417207e90.jpg, 0, 0, 0, 0, 1, 0, 0, 0, 0, 0, 0, 0, 0, 1, 0, 1
PCBA_374_jpg.rf.5de1396e8b5a1ac5df9ccf73b0ba0a3e.jpg, 0, 0, 0, 0, 1, 1, 1, 0, 1, 0, 0, 0, 0, 1, 0, 0
PCBA_238_jpg.rf.60332c4f054bae20053255436f293a34.jpg, 0, 0, 0, 0, 0, 0, 0, 0, 1, 0, 0, 0, 0, 0, 0, 0
PCBA_616_jpg.rf.5dd48bf3ea8f94991dff20f588d8815c.jpg, 0, 0, 0, 0, 1, 0, 0, 0, 0, 0, 1, 0, 0, 1, 0, 1
PCBA_135_jpg.rf.5ec3b524474459a165ff9eea727f845f.jpg, 1, 1, 0, 0, 1, 0, 0, 0, 0, 0, 0, 1, 0, 1, 0, 1
clock10_jpg.rf.6156ae2cdca2af7fc8ad618775def4ad.jpg, 0, 0, 0, 0, 0, 1, 0, 0, 0, 0, 0, 0, 0, 0, 0, 0
PCBA_557_jpg.rf.5c9fe393b6927bb040733d5fae071f89.jpg, 0, 1, 0, 0, 1, 1, 0, 0, 0, 0, 0, 0, 0, 1, 0, 0
PCBA_183_jpg.rf.5ef03af1041541b0b9f2df0bd34bd087.jpg, 1, 1, 0, 1, 0, 0, 0, 0, 0, 0, 0, 0, 0, 0, 1, 0
clock5_jpg.rf.603862726f6b15d9d03054158b1ac565.jpg, 0, 0, 0, 0, 0, 1, 0, 0, 0, 0, 0, 0, 0, 0, 0, 0
PCBA_236_jpeg_jpg.rf.5ccff6e98a52721e6b4469251c87fc9b.jpg, 0, 0, 0, 0, 0, 0, 0, 0, 1, 0, 0, 0, 0, 0, 0, 0
PCBA_41_jpg.rf.610757d50e5f48b77429d7c0a9111dcc.jpg, 1, 1, 0, 0, 1, 1, 1, 0, 0, 0, 0, 0, 0, 1, 1, 1
PCBA_517_jpg.rf.610e83ceb5f7dd04a86283ce191f2d76.jpg, 1, 1, 0, 0, 1, 0, 0, 0, 0, 0, 0, 0, 0, 1, 0, 1
PCBA_42_jpg.rf.5bd40f42fc26b6336d624423201db2d1.jpg, 1, 1, 0, 0, 1, 0, 1, 0, 0, 0, 0, 0, 0, 1, 1, 1
potentiometer12_jpg.rf.61bffc585910fe88f0ff3c41ba7856dd.jpg, 0, 0, 0, 0, 0, 0, 0, 0, 0, 0, 0, 1, 0, 0, 0, 0
PCBA_324_jpg.rf.64badc82edaca1c639f4a8a655a9f133.jpg, 0, 0, 0, 0, 0, 0, 0, 1, 0, 0, 1, 0, 0, 0, 0, 0
PCBA_159_jpg.rf.62c7d6f63233775c94c658b8e5459f70.jpg, 1, 1, 0, 0, 0, 0, 1, 1, 0, 0, 0, 0, 1, 1, 0, 1
PCBA_329_jpg.rf.65f1f01adead9598a419dbd18ead6817.jpg, 0, 0, 1, 0, 0, 0, 0, 0, 0, 0, 0, 0, 0, 0, 0, 0
PCBA_590_jpg.rf.61afb927fddce944517d0d7b20b79f9a.jpg, 0, 0, 0, 1, 0, 0, 0, 0, 0, 0, 0, 0, 0, 1, 0, 1
PCBA_291_jpg.rf.63dfadf45ab1963add23bd3bc992a758.jpg, 1, 1, 0, 0, 1, 1, 1, 0, 0, 0, 0, 0, 0, 1, 0, 1
capacitor827_jpg.rf.64f0fed7b174a2af72b88a22cd562467.jpg, 0, 0, 0, 0, 1, 0, 0, 0, 0, 0, 0, 0, 0, 0, 0, 0
PCBA_331_jpg.rf.62208f86c9d47b23a9c251a70ca4bbad.jpg, 0, 0, 1, 0, 1, 0, 0, 0, 0, 0, 0, 0, 0, 1, 0, 0
Arty_Bottom_jpg.rf.62ad06abe56b2640478700d0eb68e49a.jpg, 1, 0, 0, 0, 1, 0, 1, 0, 0, 0, 1, 0, 0, 1, 0, 1
PCBA_171_jpg.rf.620cf63398e8dc0f0c11a951f56cf878.jpg, 0, 0, 0, 0, 0, 0, 0, 0, 0, 0, 0, 0, 0, 1, 0, 1
PCBA_344_jpg.rf.6210a12415bbffece13e3ecef73e3b8c.jpg, 0, 0, 0, 1, 0, 0, 0, 0, 0, 0, 0, 0, 0, 0, 0, 0
PCBA_582_jpg.rf.62c987733f8c571b9e7c83918ad5031d.jpg, 0, 0, 0, 0, 0, 0, 1, 0, 0, 0, 0, 0, 0, 0, 1, 0
PCBA_359_jpg.rf.6304987b9318daf26535898f73a7d770.jpg, 0, 0, 0, 0, 0, 0, 1, 0, 1, 0, 0, 0, 0, 1, 0, 0
clock10_jpg.rf.666d94af21677776c8e339dd3e3b331c.jpg, 0, 0, 0, 0, 0, 1, 0, 0, 0, 0, 0, 0, 0, 0, 0, 0
PCBA_74_jpg.rf.665563c6be3105ce3a4eab70c33dba9e.jpg, 1, 0, 0, 0, 1, 0, 1, 0, 0, 0, 1, 0, 0, 1, 0, 0
PCBA_32_jpg.rf.634af6e6df5009feb4560d220e4e4f18.jpg, 1, 1, 0, 0, 1, 0, 1, 0, 0, 0, 0, 0, 0, 1, 0, 0
PCBA_229_jpg.rf.62e77a38db88f90978c5c0c2cfd56156.jpg, 0, 1, 0, 0, 0, 0, 1, 0, 0, 1, 0, 0, 0, 1, 1, 0
PCBA_604_jpg.rf.665605460fdeb218d0b6578febad218b.jpg, 0, 0, 0, 0, 1, 0, 0, 0, 0, 0, 0, 0, 0, 1, 0, 1
PCBA_38_jpg.rf.644dc23ca41b9e2ea4b03ca69ebc15c0.jpg, 1, 1, 0, 0, 1, 0, 1, 0, 0, 0, 0, 0, 0, 1, 0, 1
PCBA_58_jpg.rf.632950f5572b69837cf18b884acd0c0c.jpg, 0, 1, 0, 0, 0, 0, 0, 0, 0, 0, 0, 0, 0, 1, 0, 0
PCBA_44_jpg.rf.646c9805396680838e8123e1401af445.jpg, 1, 1, 0, 0, 1, 1, 1, 0, 0, 0, 0, 0, 0, 1, 0, 0
PCBA_287_jpg.rf.641ca1ffb7764c564fcc00906662c6b5.jpg, 0, 0, 0, 0, 0, 0, 0, 1, 0, 0, 0, 0, 0, 0, 0, 0
PCBA_270_jpg.rf.6415505ac2bfebbc61e3ceb265e558a3.jpg, 0, 0, 0, 0, 0, 0, 0, 0, 0, 1, 0, 0, 0, 0, 0, 0
PCBA_132_jpg.rf.64ae9eb0b62f4eeca8993c553b99e5af.jpg, 1, 1, 0, 0, 1, 0, 0, 0, 0, 0, 0, 1, 0, 1, 1, 1
PCBA_47_jpg.rf.66d7d77c9417ab6e7718ed3fe531d6d2.jpg, 0, 1, 0, 0, 1, 0, 1, 0, 0, 0, 0, 0, 0, 1, 1, 0
PCBA_571_jpg.rf.679061d383ea38cfe5e3b5aaf356b3c0.jpg, 1, 0, 0, 0, 1, 0, 1, 1, 1, 0, 0, 0, 1, 1, 1, 0
diode25_jpg.rf.676abaab7109a0ad5cc5c3887eb638cc.jpg, 0, 0, 0, 0, 0, 0, 0, 1, 0, 0, 0, 0, 0, 0, 0, 0
potentiometer20_jpg.rf.68e3c6a856265bdac6d4772682e7b6db.jpg, 0, 0, 0, 0, 0, 0, 0, 0, 0, 0, 0, 1, 0, 0, 0, 0
PCBA_371_jpg.rf.69ed4b62edde0d5d6b57a2c8a910948c.jpg, 0, 0, 0, 0, 0, 0, 0, 0, 1, 0, 0, 0, 0, 0, 0, 0
PCBA_52_jpg.rf.695a64b593efae1c927aa8074022d1f9.jpg, 1, 1, 0, 0, 0, 0, 1, 0, 0, 0, 0, 0, 0, 1, 0, 0
PCBA_157_jpg.rf.696c0e0a0be74afa285fe8c05da01c83.jpg, 1, 1, 0, 0, 0, 0, 1, 1, 0, 0, 0, 0, 1, 1, 0, 1
PCBA_287_jpg.rf.6893e615099d578fdf5339f387cfaf8f.jpg, 0, 0, 0, 0, 0, 0, 0, 1, 0, 0, 0, 0, 0, 0, 0, 0
PCBA_320_jpg.rf.69790e73f1b9c034b06b102da1351010.jpg, 0, 0, 0, 0, 0, 0, 0, 0, 0, 0, 1, 0, 0, 0, 1, 1
PCBA_232_jpg.rf.687a14feb745adaf323db7057852be75.jpg, 0, 0, 0, 0, 0, 0, 0, 0, 1, 0, 0, 0, 0, 0, 0, 0
button17_jpg.rf.68846199fd2a283b37df00950e2c601c.jpg, 0, 0, 0, 0, 0, 0, 0, 0, 0, 0, 0, 0, 0, 0, 1, 0
PCBA_307_jpg.rf.6a35bbe2aab10271b1f5c7db7e46e86c.jpg, 0, 0, 0, 0, 1, 0, 1, 0, 1, 0, 1, 1, 0, 0, 1, 0
PCBA_315_jpg.rf.6a0b7954fd635aed52d9b2ad26976185.jpg, 0, 0, 0, 1, 0, 0, 0, 0, 0, 0, 0, 0, 0, 0, 0, 0
PCBA_305_jpg.rf.6b01da5fbae03d2d9eb404bc0969affe.jpg, 1, 0, 0, 0, 1, 0, 0, 1, 0, 0, 1, 0, 0, 1, 0, 0
PCBA_45_jpg.rf.6b48b776cbc226c1fd1663212f99d782.jpg, 1, 1, 0, 0, 1, 1, 1, 0, 0, 0, 1, 0, 0, 1, 0, 0
PCBA_170_jpg.rf.6a476d8a9dabd3a7524e19f1c24fb829.jpg, 0, 0, 0, 1, 0, 0, 1, 0, 0, 0, 0, 0, 0, 0, 0, 0
PCBA_525_jpg.rf.6c8cbf2402655ad2105cfe4de5c977f7.jpg, 0, 0, 0, 0, 1, 1, 0, 0, 0, 0, 0, 0, 0, 0, 0, 0
PCBA_153_jpg.rf.6cd36217ddd9be5c1e73701f74947eb3.jpg, 0, 0, 0, 0, 1, 0, 0, 1, 0, 0, 0, 0, 0, 0, 0, 0
PCBA_266_jpg.rf.6ad475f5e22571809dd4f4a4ad3313b5.jpg, 0, 1, 0, 0, 1, 1, 0, 0, 0, 0, 0, 0, 0, 1, 1, 0
PCBA_94_jpg.rf.6820a0c6f631b328bfab0b79f0ecb05e.jpg, 1, 1, 0, 0, 1, 1, 1, 1, 0, 0, 0, 0, 0, 1, 0, 0
PCBA_227_jpg.rf.6a2f2155bdae69238733c775f9c9f21b.jpg, 0, 1, 0, 0, 1, 1, 1, 0, 0, 0, 1, 0, 0, 1, 1, 0
PCBA_183_jpg.rf.6aee4362bf1318ac2040428348a4e6d2.jpg, 1, 1, 0, 1, 0, 0, 0, 0, 0, 0, 0, 0, 0, 0, 1, 0
PCBA_30_jpg.rf.6ae761ea28f505a2ec29ea383951777f.jpg, 1, 1, 0, 0, 1, 0, 1, 0, 0, 0, 0, 0, 0, 1, 0, 0
PCBA_48_jpg.rf.6d4bf21c69f2ed0c1deb4db2cca55043.jpg, 1, 1, 0, 0, 1, 0, 1, 0, 0, 0, 0, 0, 0, 1, 0, 0
PCBA_146_jpg.rf.6d22796e467915013a58e046ba3500eb.jpg, 1, 1, 1, 0, 1, 1, 0, 1, 0, 0, 0, 0, 0, 1, 0, 0
PCBA_112_jpg.rf.6d5a7012cf17cf7c7e76ef28bf379fb7.jpg, 1, 1, 0, 1, 1, 0, 1, 1, 1, 0, 0, 0, 1, 1, 1, 1
clock18_jpg.rf.6b46de2d5ae31297198dec73e61ea586.jpg, 0, 0, 0, 0, 0, 1, 0, 0, 0, 0, 0, 0, 0, 0, 0, 0
PCBA_325_jpg.rf.6d38312fbc4bad365ef37ffb77d7c935.jpg, 0, 0, 1, 0, 0, 0, 0, 0, 0, 0, 0, 0, 0, 0, 0, 0
transistor54_jpg.rf.6aa4fa9509779ba5f35e89c83e212ce6.jpg, 0, 0, 0, 0, 0, 0, 0, 0, 0, 0, 0, 0, 0, 0, 0, 1
PCBA_296_jpg.rf.6de307bf20605118a31d8ab3f5500b37.jpg, 1, 0, 0, 0, 1, 0, 0, 0, 0, 0, 1, 1, 0, 1, 0, 0
PCBA_96_jpg.rf.6dd3fcf5c5b399fff78feaa5ef52da59.jpg, 0, 1, 0, 0, 0, 0, 1, 0, 0, 1, 0, 0, 0, 1, 1, 0
PCBA_616_jpg.rf.6d6a93dee98bf126f253937a5fbeac86.jpg, 0, 0, 0, 0, 1, 0, 0, 0, 0, 0, 1, 0, 0, 1, 0, 1
PCBA_534_jpg.rf.6df22ce5fc5e78126b4aefefc6101456.jpg, 0, 0, 0, 0, 0, 0, 0, 1, 0, 0, 0, 0, 0, 0, 0, 0
PCBA_141_jpg.rf.70d50677f759579876012fe19ea799fc.jpg, 1, 1, 0, 0, 1, 0, 1, 0, 0, 0, 0, 0, 0, 1, 0, 1
PCBA_180_jpg.rf.6f7d634e136b1e7c84bc9ef59cdcb32e.jpg, 0, 0, 0, 1, 0, 0, 1, 0, 0, 0, 0, 0, 0, 1, 0, 1
PCBA_308_jpg.rf.704f1953f255bc6e047503da26267059.jpg, 1, 0, 0, 0, 1, 0, 0, 1, 0, 0, 1, 1, 0, 0, 0, 0
PCBA_555_jpg.rf.729969f8414c56f1b7d63c6a81a14eb9.jpg, 0, 0, 0, 0, 1, 0, 1, 1, 0, 0, 0, 0, 0, 1, 0, 1
PCBA_274_jpg.rf.722d135271efa46c3ea6eafa495f5906.jpg, 0, 0, 0, 0, 0, 0, 0, 0, 0, 0, 1, 0, 0, 0, 0, 0
inductor64_jpg.rf.72c5c8a3284a4692a75e33ce36817bd3.jpg, 0, 0, 0, 0, 0, 0, 0, 0, 0, 0, 1, 0, 0, 0, 0, 0
PCBA_302_jpg.rf.72be8e0030801a5eb85ab3613aa94367.jpg, 0, 1, 0, 0, 1, 0, 1, 0, 1, 0, 0, 0, 1, 0, 1, 0
PCBA_50_jpg.rf.7298098d3c187ef99fc5b38ebd35190e.jpg, 1, 1, 0, 0, 1, 0, 1, 0, 0, 0, 0, 0, 0, 1, 0, 0
PCBA_280_jpg.rf.717e0df080278b250b33169eb5444c07.jpg, 1, 0, 0, 0, 1, 0, 0, 0, 0, 0, 0, 1, 0, 1, 0, 0
PCBA_276_jpeg_jpg.rf.73e87c004bd884cd07c5c510bb9ee616.jpg, 1, 0, 0, 0, 1, 0, 0, 1, 0, 0, 0, 0, 0, 0, 0, 0
PCBA_139_jpg.rf.6e53b5108915b069929bf64e9e845583.jpg, 1, 0, 1, 0, 1, 1, 0, 1, 0, 0, 0, 0, 0, 1, 0, 0
PCBA_370_jpg.rf.7289986702b392a9c6e0d74bd6fa5b0c.jpg, 0, 0, 1, 0, 0, 0, 0, 0, 0, 0, 0, 0, 0, 0, 0, 0
PCBA_158_jpg.rf.7435713dd81f36957d44f8152f0393be.jpg, 1, 1, 0, 0, 1, 0, 1, 1, 0, 0, 0, 0, 1, 1, 0, 1
diode7_jpg.rf.72ad72bf32cfce1edd8d2d32bf3281c4.jpg, 0, 0, 0, 0, 0, 0, 0, 1, 0, 0, 0, 0, 0, 0, 0, 0
PCBA_23_jpg.rf.73bd9d4bb922bf4da3ca214b918ac69d.jpg, 1, 1, 0, 0, 1, 0, 1, 0, 0, 0, 1, 0, 0, 1, 0, 0
PCBA_287_jpg.rf.74684b228b3ced05bca5fd11c188e1c6.jpg, 0, 0, 0, 0, 0, 0, 0, 1, 0, 0, 0, 0, 0, 0, 0, 0
PCBA_383_jpg.rf.74d58c780683336bdf3e64a6aecb1421.jpg, 0, 0, 0, 0, 0, 0, 1, 0, 0, 0, 0, 0, 0, 0, 1, 0
PCBA_16_jpg.rf.72dc612869db95bd8a50515cf547d607.jpg, 1, 1, 0, 0, 1, 0, 1, 1, 0, 0, 0, 0, 0, 1, 1, 0
button8_jpg.rf.7464b498c70fcf16549fd098c24808cb.jpg, 0, 0, 0, 0, 0, 0, 0, 0, 0, 0, 0, 0, 0, 0, 1, 0
PCBA_602_jpg.rf.6f1800aff98e9a610e04664b18af1f6c.jpg, 0, 0, 0, 0, 1, 0, 0, 0, 0, 0, 0, 0, 0, 1, 0, 1
PCBA_268_jpg.rf.74969d15da73ed2c193acc38b43cfd4d.jpg, 1, 0, 0, 0, 1, 1, 0, 1, 0, 0, 0, 0, 0, 1, 0, 0
PCBA_247_jpg.rf.6f9d1aa6a69f2fc7da8ea365bd8ba4d4.jpg, 1, 0, 0, 0, 1, 0, 1, 0, 0, 0, 1, 0, 0, 1, 1, 0
PCBA_378_jpg.rf.71650bbdf12d6c40fd7fced4b21b84a1.jpg, 0, 1, 0, 0, 0, 0, 0, 0, 0, 1, 0, 0, 0, 0, 0, 0
PCBA_343_jpeg_jpg.rf.7164c94d05ca9abef5207225f5ebedb7.jpg, 0, 1, 0, 1, 1, 0, 0, 0, 0, 0, 0, 0, 0, 0, 0, 0
PCBA_6_jpg.rf.74fdf595e487c6eaa3311a754308a376.jpg, 1, 1, 0, 0, 1, 1, 1, 0, 0, 0, 1, 0, 0, 1, 0, 1
potentiometer4_jpg.rf.76ad5b2a52903b2e7872616ddeb7e609.jpg, 0, 0, 0, 0, 0, 0, 0, 0, 0, 0, 0, 1, 0, 0, 0, 0
potentiometer6_jpg.rf.7621a578e9d481cce9cd43af6ffe2710.jpg, 0, 0, 0, 0, 0, 0, 0, 0, 0, 0, 0, 1, 0, 0, 0, 0
PCBA_363_png_jpg.rf.779eb6efbdd5cc44715b8dd7661476ea.jpg, 1, 0, 0, 0, 0, 0, 1, 0, 1, 0, 0, 0, 0, 0, 1, 0
PCBA_562_jpg.rf.75bdc39b09990f5d8da20c63c217c658.jpg, 1, 0, 0, 0, 0, 1, 0, 0, 0, 0, 0, 0, 0, 0, 0, 0
PCBA_511_jpg.rf.75009d00cf45193985b8a8b2b021b2fb.jpg, 0, 0, 0, 0, 0, 0, 0, 0, 0, 0, 0, 0, 0, 1, 0, 1
PCBA_122_jpg.rf.76b7dcceab6300e6e71b376db993c1c9.jpg, 1, 0, 0, 1, 1, 0, 0, 0, 0, 0, 0, 0, 0, 1, 0, 0
PCBA_26_jpg.rf.754207678bcddff17de5f7c4688c2af8.jpg, 1, 1, 0, 0, 1, 0, 1, 1, 0, 0, 1, 0, 0, 1, 0, 1
PCBA_553_jpg.rf.795a1c40173fec5a172f34b6dd24a088.jpg, 1, 1, 0, 0, 1, 0, 1, 0, 0, 0, 0, 1, 0, 1, 0, 1
PCBA_216_jpg.rf.7aa4e60bf4c72ab79721e8520bc086cf.jpg, 1, 0, 0, 0, 1, 1, 0, 0, 0, 0, 0, 0, 0, 0, 0, 0
PCBA_546_jpg.rf.794d24a6905c1abc1389db206deddbcd.jpg, 1, 1, 0, 0, 0, 0, 1, 1, 0, 0, 0, 0, 1, 1, 0, 1
PCBA_39_jpg.rf.7821febcd94e457af83810c6e94f50d4.jpg, 1, 1, 0, 0, 1, 0, 1, 0, 0, 0, 0, 0, 0, 1, 0, 0
PCBA_213_jpg.rf.7c56c0206d57eab0736d83d28a373825.jpg, 1, 0, 0, 0, 1, 1, 0, 0, 0, 0, 0, 0, 0, 0, 0, 0
PCBA_24_jpg.rf.7c8292b396c34f9ada27016f05b467ca.jpg, 1, 1, 0, 0, 1, 0, 0, 1, 0, 0, 1, 0, 0, 1, 0, 0
PCBA_377_jpg.rf.7c7e9616561e9e2dc389605a1d3d309c.jpg, 0, 0, 0, 0, 0, 0, 1, 0, 0, 0, 0, 0, 1, 0, 0, 0
PCBA_122_jpg.rf.7a5047d6bc87900abbaa9ea2df093ab0.jpg, 1, 0, 0, 1, 1, 0, 0, 0, 0, 0, 0, 0, 0, 1, 0, 0
clock1_jpg.rf.7b38a01e91a6cdb996ee1278e2d4eacb.jpg, 0, 0, 0, 0, 0, 1, 0, 0, 0, 0, 0, 0, 0, 0, 0, 0
PCBA_143_jpg.rf.7c7ddb85f9301d79a4ced785ca90716e.jpg, 1, 1, 0, 0, 1, 0, 0, 0, 0, 0, 0, 0, 0, 1, 0, 0
PCBA_30_jpg.rf.776f140c6a373c4dba07fe7a2674bcf1.jpg, 1, 1, 0, 0, 1, 0, 1, 0, 0, 0, 0, 0, 0, 1, 0, 0
PCBA_29_jpg.rf.7be6df59ddd2d3927c43115876601108.jpg, 1, 1, 0, 0, 1, 0, 0, 0, 0, 0, 0, 0, 0, 1, 1, 0
PCBA_59_jpg.rf.7b70c3edcb00b3d88279140227bfccaa.jpg, 1, 1, 0, 0, 1, 0, 1, 0, 0, 0, 0, 0, 0, 1, 0, 0
PCBA_22_jpg.rf.7ba6c4665b157f473edfd762b704dea6.jpg, 1, 1, 0, 0, 1, 0, 1, 0, 0, 0, 0, 0, 0, 1, 0, 0
PCBA_142_jpg.rf.7c540d6e7bd7fb92e472f5acbca5802e.jpg, 0, 0, 1, 0, 0, 0, 0, 0, 0, 0, 0, 0, 0, 0, 0, 0
PCBA_560_jpg.rf.7d64e7688d9a9bf8ef982e19e37daf36.jpg, 1, 0, 0, 0, 0, 1, 0, 0, 0, 0, 0, 0, 0, 0, 0, 0
PCBA_539_jpg.rf.7cd00d9601752adf6c561b27a72adc43.jpg, 0, 0, 0, 0, 0, 0, 0, 0, 0, 0, 0, 0, 0, 0, 0, 1
inductor58_jpg.rf.79e42a2352cbb4b62bd33882452faa0e.jpg, 0, 0, 0, 0, 0, 0, 0, 0, 0, 0, 1, 0, 0, 0, 0, 0
PCBA_147_jpg.rf.7b7a76fe26d6d3b4574da5b5d0a9c3f4.jpg, 1, 1, 1, 0, 1, 1, 0, 1, 0, 0, 0, 0, 0, 1, 0, 0
PCBA_568_jpg.rf.7d4be38da2db61ea3e7efc7440436c39.jpg, 1, 0, 0, 0, 0, 1, 0, 0, 0, 0, 0, 0, 0, 1, 0, 0
PCBA_555_jpg.rf.7e52d3732f06c0ba8735110f6e2d5106.jpg, 0, 0, 0, 0, 1, 0, 1, 1, 0, 0, 0, 0, 0, 1, 0, 1
PCBA_554_jpg.rf.7b87df28af9550516c4be5376d4b122a.jpg, 1, 1, 0, 0, 0, 0, 1, 0, 0, 0, 0, 0, 1, 1, 0, 1
PCBA_98_jpg.rf.7de7dec32213697ede3cfe2476d72a7e.jpg, 1, 0, 0, 0, 1, 0, 0, 0, 0, 0, 0, 0, 0, 1, 0, 0
PCBA_256_jpg.rf.7f74720de2e787ae555a67139c76454e.jpg, 0, 1, 0, 0, 0, 0, 0, 0, 1, 0, 0, 1, 0, 1, 1, 0
PCBA_567_jpg.rf.7f1e7b5f3c6c0179a13c6e00eacb7a93.jpg, 0, 0, 0, 0, 1, 0, 0, 0, 0, 0, 0, 0, 0, 0, 0, 1
PCBA_219_jpg.rf.7fa81d9e6738cd989ddc73554759cd8e.jpg, 1, 0, 1, 0, 0, 0, 0, 0, 1, 0, 0, 1, 0, 1, 1, 1
PCBA_362_jpg.rf.7f072d37f7484b77abe7b3504593fb88.jpg, 0, 0, 0, 0, 0, 0, 0, 0, 1, 0, 0, 0, 0, 0, 1, 0
PCBA_272_jpg.rf.7dcd9ebd4696e9dee53e17a00bae0c52.jpg, 0, 0, 0, 0, 0, 0, 0, 0, 0, 0, 1, 0, 0, 0, 0, 0
PCBA_61_jpg.rf.7fc5469beae4b71cb24c08900c0b9f03.jpg, 1, 1, 0, 0, 1, 0, 0, 0, 0, 0, 0, 0, 0, 1, 0, 0
PCBA_348_jpg.rf.82e7b105e1c31245ac3bf6da64ea25c2.jpg, 1, 1, 0, 0, 1, 0, 1, 1, 0, 1, 1, 0, 0, 1, 0, 1
PCBA_596_jpg.rf.826f67961c97f47206c87bd98543d6d9.jpg, 1, 1, 0, 0, 0, 0, 1, 0, 0, 0, 0, 1, 0, 1, 0, 0
PCBA_42_jpg.rf.827b1eec115a4f797b0abba01c87c843.jpg, 1, 1, 0, 0, 1, 0, 1, 0, 0, 0, 0, 0, 0, 1, 1, 1
inductor19_jpg.rf.7fdfe5e4e407c0ebdbdc2f3ff9a40919.jpg, 0, 0, 0, 0, 0, 0, 0, 0, 0, 0, 1, 0, 0, 0, 0, 0
PCBA_259_jpg.rf.80bec37da1ca0dc55036ba5589407a51.jpg, 0, 0, 0, 0, 0, 0, 0, 0, 0, 1, 0, 0, 0, 0, 0, 0
button8_jpg.rf.82edc8b8337769d3faf3d3777cfbdbd9.jpg, 0, 0, 0, 0, 0, 0, 0, 0, 0, 0, 0, 0, 0, 0, 1, 0
PCBA_87_jpg.rf.82a5488b8d504be4bd78be6ec1085d72.jpg, 1, 1, 0, 0, 1, 0, 1, 1, 0, 0, 0, 0, 0, 1, 0, 0
PCBA_326_jpg.rf.83c0a5aa9dcd783c0b334cca805f57f8.jpg, 1, 0, 0, 1, 0, 0, 0, 0, 0, 0, 0, 0, 0, 1, 1, 0
PCBA_254_jpg.rf.843f9f3c9b2d0d9c44bf6221d68bd120.jpg, 0, 0, 0, 0, 0, 0, 0, 0, 1, 0, 0, 0, 0, 0, 0, 0
PCBA_600_jpg.rf.80b94a9641b9768c8c6bf65e10456c31.jpg, 1, 0, 0, 0, 1, 0, 0, 0, 0, 0, 0, 0, 0, 0, 0, 1
PCBA_308_jpg.rf.847c393c0d0a2ae14d6a5feb00f1c05d.jpg, 1, 0, 0, 0, 1, 0, 0, 1, 0, 0, 1, 1, 0, 0, 0, 0
PCBA_143_jpg.rf.802a1a2a07d1cc629b46eed94afe6c17.jpg, 1, 1, 0, 0, 1, 0, 0, 0, 0, 0, 0, 0, 0, 1, 0, 0
PCBA_298_jpg.rf.839d1e1ceb3e884b26fa141b3fe0b3f2.jpg, 1, 0, 0, 0, 1, 0, 0, 0, 0, 0, 1, 1, 0, 1, 0, 0
PCBA_149_jpg.rf.84a00a14fe1343dbc8ef5363070b467a.jpg, 1, 1, 0, 0, 1, 1, 1, 0, 0, 0, 0, 0, 0, 1, 0, 0
PCBA_369_jpg.rf.840f5ff33ed1118290beb3a8228d7dc0.jpg, 0, 0, 1, 0, 0, 0, 0, 0, 0, 0, 0, 0, 0, 0, 0, 0
PCBA_273_jpg.rf.8487d23a52f6164b23b24a7509000323.jpg, 0, 0, 0, 0, 1, 0, 0, 0, 0, 0, 0, 0, 0, 0, 0, 0
PCBA_134_jpg.rf.84d12b63c53a2bb879c4cb30a3f181c9.jpg, 1, 0, 1, 0, 1, 1, 1, 0, 0, 0, 0, 0, 0, 1, 0, 0
PCBA_53_jpg.rf.834a36ba8ff845696a2e26af4bf44584.jpg, 1, 1, 0, 0, 1, 0, 1, 0, 0, 0, 0, 0, 0, 1, 0, 0
PCBA_38_jpg.rf.861e7c35aedeca10941f1e268f16a327.jpg, 1, 1, 0, 0, 1, 0, 1, 0, 0, 0, 0, 0, 0, 1, 0, 1
PCBA_604_jpg.rf.85cf3ba86bea2e1031772e25fa94a39c.jpg, 0, 0, 0, 0, 1, 0, 0, 0, 0, 0, 0, 0, 0, 1, 0, 1
PCBA_368_jpg.rf.85ccfe4dc1ff4233725b484ed546042c.jpg, 1, 0, 0, 0, 0, 0, 0, 0, 1, 0, 0, 0, 0, 1, 0, 0
potentiometer6_jpg.rf.83f5c6824ea870ae5bebe848bb9fdda3.jpg, 0, 0, 0, 0, 0, 0, 0, 0, 0, 0, 0, 1, 0, 0, 0, 0
PCBA_181_jpg.rf.85b0fc7cb63325d09da423e10e962a6f.jpg, 0, 0, 1, 1, 0, 0, 0, 1, 0, 0, 0, 0, 0, 0, 1, 0
PCBA_192_jpg.rf.83b9654272f7563534476ecf604610f2.jpg, 1, 0, 0, 1, 1, 0, 0, 1, 0, 0, 0, 1, 0, 1, 0, 0
PCBA_93_jpg.rf.84a2e4c5f3473e6cb541f0700b09ba1d.jpg, 1, 1, 0, 0, 1, 0, 0, 0, 0, 0, 0, 0, 0, 1, 1, 0
PCBA_531_jpg.rf.8647c45aaddff4b48c496bcb6d2b049f.jpg, 0, 0, 0, 0, 1, 0, 0, 0, 0, 0, 0, 0, 0, 1, 0, 1
PCBA_258_jpg.rf.86b8798a301988a9de17d04e664ca984.jpg, 0, 0, 0, 0, 0, 0, 1, 0, 0, 0, 0, 0, 0, 0, 0, 0
PCBA_1_jpg.rf.87516f3e9dcf7546bc9da414da4cadac.jpg, 1, 1, 0, 0, 1, 0, 1, 0, 0, 0, 0, 0, 0, 1, 0, 0
inductor14_jpg.rf.866a1003bc8d546d6006339aead00eb8.jpg, 0, 0, 0, 0, 0, 0, 0, 0, 0, 0, 1, 0, 0, 0, 0, 0
PCBA_137_jpg.rf.8915cbfc6ea2e1d795270e52d2bde8d5.jpg, 1, 1, 1, 0, 0, 1, 0, 0, 0, 0, 0, 0, 0, 1, 0, 0
PCBA_162_jpg.rf.8829a24ec130e85bb839be8c8e03ad8c.jpg, 1, 1, 0, 0, 0, 0, 1, 1, 0, 0, 0, 0, 1, 1, 0, 1
diode20_jpg.rf.8bff781691df5a4eb4a48d5f6894bbdf.jpg, 0, 0, 0, 0, 0, 0, 0, 1, 0, 0, 0, 0, 0, 0, 0, 0
PCBA_23_jpg.rf.8a821b7446cc7af203d8e2c47d95b1bb.jpg, 1, 1, 0, 0, 1, 0, 1, 0, 0, 0, 1, 0, 0, 1, 0, 0
PCBA_82_jpg.rf.88a0acee3ee40149e0d659fdb01ac72b.jpg, 1, 0, 0, 0, 1, 0, 1, 1, 0, 0, 0, 1, 0, 1, 0, 1
PCBA_310_jpg.rf.87539295f383d472b155c4283660978c.jpg, 0, 0, 0, 0, 0, 0, 0, 0, 1, 0, 0, 0, 0, 0, 0, 0
PCBA_525_jpg.rf.8d3281551bdd4cb7bd2e87953d576e5c.jpg, 0, 0, 0, 0, 1, 1, 0, 0, 0, 0, 0, 0, 0, 0, 0, 0
PCBA_259_jpg.rf.8d1b04a24cdf246f298b7e8ffbd60f5b.jpg, 0, 0, 0, 0, 0, 0, 0, 0, 0, 1, 0, 0, 0, 0, 0, 0
PCBA_576_jpg.rf.87c6388aaf5b7dce6ad09338a2b1ad07.jpg, 1, 1, 0, 0, 1, 0, 1, 1, 1, 0, 0, 0, 1, 1, 1, 0
PCBA_266_jpg.rf.893b179d7cf85b4c0d05e434b8de9c89.jpg, 0, 1, 0, 0, 1, 1, 0, 0, 0, 0, 0, 0, 0, 1, 1, 0
inductor49_jpg.rf.88f9e6a00441ac3c9eb5e976f6986f62.jpg, 0, 0, 0, 0, 0, 0, 0, 0, 0, 0, 1, 0, 0, 0, 0, 0
PCBA_564_jpg.rf.8818d79c124fc1f53831ca71bd2a901e.jpg, 0, 0, 0, 0, 0, 0, 0, 0, 0, 0, 0, 0, 0, 0, 1, 0
PCBA_501_jpg.rf.8e1018fbb7a3c7c5f1c7abb35d26da9a.jpg, 0, 0, 0, 0, 0, 0, 0, 0, 0, 0, 0, 0, 0, 0, 0, 1
PCBA_342_jpg.rf.8e0d46e66a8c4fad5c588e4713e1981d.jpg, 0, 0, 0, 1, 0, 0, 0, 0, 0, 0, 0, 0, 0, 0, 0, 0
PCBA_304_jpg.rf.8b40d6edc46e82372ca4f5f086a5ef28.jpg, 1, 0, 0, 0, 1, 0, 0, 1, 1, 0, 1, 0, 0, 1, 1, 1
button4_jpg.rf.8dfc7beddb7fb3b1cd7ed7cca7bbb9eb.jpg, 0, 0, 0, 0, 0, 0, 0, 0, 0, 0, 0, 0, 0, 0, 1, 0
transistor49_jpg.rf.8d17b8a0bfac00e4c39373473132f282.jpg, 0, 0, 0, 0, 0, 0, 0, 0, 0, 0, 0, 0, 0, 0, 0, 1
PCBA_335_jpg.rf.8d74024f27e8a6c0d95bbc03d0348d2c.jpg, 1, 0, 0, 0, 1, 1, 0, 0, 0, 0, 0, 0, 0, 1, 0, 0
PCBA_275_jpg.rf.87b5f0d92ccb0e4fd1ea0d4e668f63dc.jpg, 0, 0, 0, 0, 1, 1, 0, 0, 0, 0, 0, 0, 0, 1, 0, 1
potentiometer1_jpg.rf.8a697e43323846b13fcc83dd065ed037.jpg, 0, 0, 0, 0, 0, 0, 0, 0, 0, 0, 0, 1, 0, 0, 0, 0
PCBA_102_jpg.rf.8a6e0db3e12a11cd4fd907b73c943a62.jpg, 1, 1, 0, 0, 1, 0, 0, 1, 0, 0, 0, 0, 0, 1, 0, 0
PCBA_58_jpg.rf.8ba64b9fefc3b87a300d1fb5f2c9ac66.jpg, 0, 1, 0, 0, 0, 0, 0, 0, 0, 0, 0, 0, 0, 1, 0, 0
PCBA_550_jpg.rf.8e482a5640f235950799a0dc39913920.jpg, 1, 1, 0, 0, 0, 0, 1, 1, 0, 0, 0, 0, 0, 1, 0, 1
PCBA_151_jpg.rf.8936555aca3741067af613c04ef14491.jpg, 1, 1, 1, 0, 1, 0, 1, 0, 0, 0, 0, 0, 0, 1, 0, 0
capacitor18_jpg.rf.8c21592ec90e64f46d7d770cbe880cf9.jpg, 0, 0, 0, 0, 1, 0, 0, 0, 0, 0, 0, 0, 0, 0, 0, 0
transistor53_jpg.rf.8f73941f98d43c3527038fadeeb02d95.jpg, 0, 0, 0, 0, 0, 0, 0, 0, 0, 0, 0, 0, 0, 0, 0, 1
PCBA_511_jpg.rf.8e4f00b39c23a3c19fda167833adabad.jpg, 0, 0, 0, 0, 0, 0, 0, 0, 0, 0, 0, 0, 0, 1, 0, 1
PCBA_74_jpg.rf.926f48a944c1e0e15170b9cb85d0af4f.jpg, 1, 0, 0, 0, 1, 0, 1, 0, 0, 0, 1, 0, 0, 1, 0, 0
PCBA_242_jpg.rf.929ba94b67653de5a8b1bf0739d97043.jpg, 1, 0, 0, 0, 1, 0, 1, 1, 0, 0, 1, 0, 0, 1, 0, 0
PCBA_38_jpg.rf.954245b25ad9edab8d65998c9f1bb244.jpg, 1, 1, 0, 0, 1, 0, 1, 0, 0, 0, 0, 0, 0, 1, 0, 1
PCBA_141_jpg.rf.92c662252fe79d179f6cd946f260b683.jpg, 1, 1, 0, 0, 1, 0, 1, 0, 0, 0, 0, 0, 0, 1, 0, 1
PCBA_515_jpg.rf.8ed9aa7699b24f7d8fdb44cc6c1f155b.jpg, 0, 0, 0, 0, 0, 1, 1, 0, 1, 0, 0, 0, 0, 0, 1, 0
PCBA_314_jpg.rf.9013f713302331f96acbf5b44018c440.jpg, 0, 1, 0, 1, 0, 0, 0, 0, 0, 0, 0, 1, 0, 1, 0, 0
diode8_jpg.rf.957968aa192016c5c51ad82b80dde745.jpg, 0, 0, 0, 0, 0, 0, 0, 1, 0, 0, 0, 0, 0, 0, 0, 0
PCBA_110_jpg.rf.94f2347622f3e131a1e0bd8912c116ab.jpg, 1, 1, 0, 0, 1, 0, 1, 1, 0, 0, 0, 0, 0, 1, 1, 1
PCBA_322_jpg.rf.951a6f3590aa8328cc5794c034ef6701.jpg, 1, 1, 0, 0, 1, 0, 0, 0, 0, 0, 0, 0, 0, 1, 0, 0
inductor12_jpg.rf.935ec06d17f993acfedba2bfe37f3e96.jpg, 0, 0, 0, 0, 0, 0, 0, 0, 0, 0, 1, 0, 0, 0, 0, 0
PCBA_53_jpg.rf.8f532b6f1bb98f1fd1093c1a190f4bc5.jpg, 1, 1, 0, 0, 1, 0, 1, 0, 0, 0, 0, 0, 0, 1, 0, 0
PCBA_40_jpg.rf.934df8bcf45eaad0dc8141b10b58eb3d.jpg, 1, 1, 0, 0, 1, 0, 1, 0, 0, 0, 0, 0, 0, 1, 0, 1
PCBA_309_jpg.rf.95c0e101a6d30f8ba9ae59c0f6035455.jpg, 0, 0, 0, 0, 0, 0, 0, 0, 1, 0, 0, 0, 0, 0, 0, 0
PCBA_20_jpg.rf.9078b29d9db71b6acc9f6b5dc8854a0f.jpg, 1, 1, 0, 0, 1, 0, 1, 0, 0, 0, 0, 0, 0, 1, 0, 0
PCBA_240_jpg.rf.9162889e46e4cd6b81de4f046280c4f5.jpg, 1, 1, 0, 0, 1, 0, 1, 1, 1, 0, 0, 0, 1, 1, 1, 1
battery5_jpg.rf.8fe2c8c407db372b2eec1f4d52a4ce0b.jpg, 0, 0, 1, 0, 0, 0, 0, 0, 0, 0, 0, 0, 0, 0, 0, 0
inductor18_jpg.rf.95e0897e742d87dea436723c230d9fed.jpg, 0, 0, 0, 0, 0, 0, 0, 0, 0, 0, 1, 0, 0, 0, 0, 0
PCBA_67_jpg.rf.90f0917af6d1f086737b7a897800dfd1.jpg, 1, 1, 0, 0, 1, 0, 0, 0, 0, 0, 0, 0, 0, 1, 0, 0
PCBA_285_jpg.rf.91656909d424b3a7df421481f4198bf9.jpg, 0, 1, 0, 0, 1, 0, 1, 0, 0, 0, 0, 0, 0, 1, 0, 1
PCBA_546_jpg.rf.93abc8f8675d7528f9d00a8367fdcc06.jpg, 1, 1, 0, 0, 0, 0, 1, 1, 0, 0, 0, 0, 1, 1, 0, 1
capacitor347_jpg.rf.92af9d5f70260a587454cea814a6af8b.jpg, 0, 0, 0, 0, 1, 0, 0, 0, 0, 0, 0, 0, 0, 0, 0, 0
PCBA_200_jpg.rf.9631091b4bb888f8a5c3f28cd4e68df8.jpg, 0, 0, 0, 0, 1, 0, 1, 0, 0, 0, 0, 0, 0, 1, 0, 1
PCBA_56_jpg.rf.91d0d41d94595ed387624404530cfbed.jpg, 1, 1, 0, 0, 1, 0, 1, 1, 0, 0, 0, 0, 0, 1, 0, 1
PCBA_318_jpg.rf.8fd03fc30586548838ce667542eba484.jpg, 1, 0, 0, 0, 1, 0, 0, 0, 0, 0, 1, 1, 0, 1, 0, 0
PCBA_533_jpg.rf.9a068110a7342def06cc9be398e6420a.jpg, 1, 0, 0, 0, 1, 0, 0, 1, 0, 0, 0, 0, 0, 1, 0, 0
PCBA_135_jpg.rf.96f209d4cc61d67678589bfa3026e762.jpg, 1, 1, 0, 0, 1, 0, 0, 0, 0, 0, 0, 1, 0, 1, 0, 1
PCBA_202_jpg.rf.967a4152837edd0b572cecae1cb3c3c7.jpg, 0, 1, 0, 0, 0, 0, 0, 0, 0, 0, 0, 0, 0, 1, 0, 1
PCBA_110_jpg.rf.982cdf08ad85d24faab37e696eb7d95b.jpg, 1, 1, 0, 0, 1, 0, 1, 1, 0, 0, 0, 0, 0, 1, 1, 1
PCBA_169_jpg.rf.97d553d28e291ed1d139012952c9d3c4.jpg, 0, 0, 0, 1, 0, 0, 0, 0, 0, 0, 0, 0, 0, 1, 0, 1
PCBA_371_jpg.rf.9827c2128252cc1dba4e09f090ab9e70.jpg, 0, 0, 0, 0, 0, 0, 0, 0, 1, 0, 0, 0, 0, 0, 0, 0
PCBA_136_jpg.rf.985d80e4bd757164afd513c45be93023.jpg, 1, 1, 0, 0, 1, 0, 0, 1, 0, 0, 1, 0, 0, 1, 0, 0
PCBA_300_jpg.rf.96e628cddf7607f682c0e97ba5cba327.jpg, 0, 0, 0, 0, 0, 0, 0, 0, 1, 0, 0, 0, 0, 0, 0, 0
PCBA_294_jpg.rf.9c3238856cff3b70e7a8e35aaff56230.jpg, 1, 1, 0, 0, 0, 1, 1, 0, 0, 0, 0, 0, 0, 1, 1, 0
PCBA_365_jpg.rf.9a4b3a4c8088605cd610341d3fb9f7e1.jpg, 0, 0, 1, 0, 0, 0, 0, 0, 0, 0, 0, 0, 0, 0, 0, 0
PCBA_564_jpg.rf.9b5903b3b078d80aff43e9a4f82bc3ee.jpg, 0, 0, 0, 0, 0, 0, 0, 0, 0, 0, 0, 0, 0, 0, 1, 0
diode6_jpg.rf.9ba20edeb62a01454f16ae458532a53a.jpg, 0, 0, 0, 0, 0, 0, 0, 1, 0, 0, 0, 0, 0, 0, 0, 0
PCBA_297_jpg.rf.9910a93746875e7d639637c25dfae7c4.jpg, 1, 1, 0, 0, 1, 0, 0, 1, 0, 0, 1, 1, 0, 1, 0, 0
PCBA_547_jpg.rf.96bb7b99f853b1582fdbb2c77d5c2330.jpg, 1, 1, 0, 0, 1, 0, 1, 1, 1, 0, 0, 0, 1, 1, 1, 1
PCBA_326_jpg.rf.9af228b188b38cfbf698d94622cf7d12.jpg, 1, 0, 0, 1, 0, 0, 0, 0, 0, 0, 0, 0, 0, 1, 1, 0
PCBA_193_jpg.rf.9a34e81ed2b0682a6a6ece2fc3f87907.jpg, 1, 0, 0, 1, 1, 0, 0, 1, 0, 0, 0, 0, 0, 1, 0, 0
PCBA_313_jpg.rf.9aa60470f5adf0b9ff62e72a85ad1ca2.jpg, 1, 1, 0, 0, 1, 0, 0, 0, 0, 0, 0, 0, 0, 1, 1, 0
PCBA_585_jpg.rf.99c72af39234944c4a8bcc1e16258e7f.jpg, 0, 0, 0, 0, 1, 0, 0, 1, 0, 0, 1, 0, 0, 1, 0, 0
PCBA_568_jpg.rf.9c3753d703ac4348cf1c7eb6437ec8d6.jpg, 1, 0, 0, 0, 0, 1, 0, 0, 0, 0, 0, 0, 0, 1, 0, 0
PCBA_200_jpg.rf.9ae7858f237d45a009f053eed934912a.jpg, 0, 0, 0, 0, 1, 0, 1, 0, 0, 0, 0, 0, 0, 1, 0, 1
PCBA_514_jpg.rf.9a08ac96b909efad01f06aa8a5390b2f.jpg, 1, 0, 0, 0, 1, 1, 0, 0, 0, 0, 1, 0, 0, 1, 0, 0
PCBA_274_jpg.rf.99f03f01de3286904a1b59c890370a06.jpg, 0, 0, 0, 0, 0, 0, 0, 0, 0, 0, 1, 0, 0, 0, 0, 0
PCBA_528_jpg.rf.9c764dfe302f1e8c808b4bd231b316d8.jpg, 0, 0, 0, 0, 0, 0, 0, 0, 0, 0, 0, 0, 0, 1, 0, 1
transistor55_jpg.rf.99d7d297a4a80f20ca18abfd7c38d37a.jpg, 0, 0, 0, 0, 0, 0, 0, 0, 0, 0, 0, 0, 0, 0, 0, 1
PCBA_358_jpg.rf.9cd4e35222a562dd4961b8d7d41acefb.jpg, 0, 0, 0, 0, 0, 0, 1, 0, 1, 0, 0, 0, 0, 1, 0, 0
inductor1_jpg.rf.9845752845d3b46eaa261d0261244719.jpg, 0, 0, 0, 0, 0, 0, 0, 0, 0, 0, 1, 0, 0, 0, 0, 0
PCBA_207_jpg.rf.9d7b0b48386cada73929b988397fb703.jpg, 0, 0, 0, 0, 0, 0, 0, 0, 0, 0, 0, 1, 0, 0, 0, 0
PCBA_157_jpg.rf.9db4f632b5a38211e25872441adbd279.jpg, 1, 1, 0, 0, 0, 0, 1, 1, 0, 0, 0, 0, 1, 1, 0, 1
PCBA_350_jpg.rf.9e909447d787f0e5789c9bb108c498f2.jpg, 0, 0, 1, 0, 0, 0, 0, 0, 0, 0, 0, 0, 0, 0, 1, 0
PCBA_510_jpg.rf.9d4871e086c9356e7bf397bf125fec3a.jpg, 0, 0, 0, 0, 0, 0, 0, 0, 0, 0, 0, 0, 0, 1, 0, 1
PCBA_206_jpg.rf.9ed4e9e8a3147cdf18b0b8baf7927c35.jpg, 0, 0, 0, 1, 0, 0, 1, 0, 0, 0, 0, 0, 0, 1, 0, 1
PCBA_331_jpg.rf.9da8385f277979d3eac09685d6d59a27.jpg, 0, 0, 1, 0, 1, 0, 0, 0, 0, 0, 0, 0, 0, 1, 0, 0
PCBA_367_jpg.rf.9d3baf7cc11f039957508e1afad45dbb.jpg, 1, 1, 0, 0, 1, 0, 1, 1, 1, 0, 0, 0, 0, 1, 1, 0
PCBA_323_jpg.rf.9f401849d7c70839893cd74fd4adc8c3.jpg, 0, 0, 1, 1, 0, 0, 0, 0, 0, 0, 0, 0, 0, 0, 0, 0
inductor19_jpg.rf.9d0f88fea3dabb02c17fc1a25547b2d7.jpg, 0, 0, 0, 0, 0, 0, 0, 0, 0, 0, 1, 0, 0, 0, 0, 0
PCBA_64_jpg.rf.9e0e15f761e518e3a3436da595b5df04.jpg, 1, 1, 0, 0, 1, 0, 0, 0, 0, 0, 0, 0, 0, 1, 0, 0
PCBA_377_jpg.rf.9dab48ac6e8d5cf0989805fb6bb4ddb7.jpg, 0, 0, 0, 0, 1, 0, 1, 0, 0, 0, 0, 0, 1, 0, 0, 0
inductor54_jpg.rf.a060f67927fe84210245d3e54e6ba813.jpg, 0, 0, 0, 0, 0, 0, 0, 0, 0, 0, 1, 0, 0, 0, 0, 0
PCBA_43_jpg.rf.9ed5b07580a7605f3d60b8f85638b4e5.jpg, 1, 1, 0, 0, 1, 0, 1, 1, 0, 0, 0, 0, 0, 1, 0, 0
PCBA_75_jpg.rf.9f8b8c83a3fb1aea1d04a48c6dfd5902.jpg, 1, 1, 1, 0, 1, 1, 0, 0, 0, 0, 0, 0, 0, 1, 0, 0
PCBA_70_jpg.rf.a252b355977063650cfced264fd2d4e0.jpg, 1, 0, 0, 0, 1, 0, 0, 0, 0, 0, 0, 0, 0, 1, 0, 0
PCBA_603_jpg.rf.a247230e36e2e1ab14a266444c410cd9.jpg, 0, 0, 0, 0, 1, 0, 0, 0, 0, 0, 0, 0, 0, 0, 0, 0
PCBA_195_jpg.rf.a1f153a63b72ad1f9b9cbdc05395252c.jpg, 0, 1, 0, 1, 1, 0, 0, 0, 0, 0, 0, 0, 0, 0, 0, 0
PCBA_520_jpeg_jpg.rf.a11af9c1142ad53cc05d2b8264593c60.jpg, 0, 0, 0, 0, 1, 0, 0, 0, 0, 0, 0, 0, 0, 1, 0, 1
PCBA_594_jpg.rf.9f4ad28dc448cc80a568119fa20c55a8.jpg, 1, 1, 0, 0, 1, 0, 0, 0, 0, 0, 0, 0, 0, 1, 1, 0
PCBA_586_jpg.rf.a308201a2ba98a6b443a87c30e74c235.jpg, 0, 1, 0, 0, 1, 0, 0, 1, 0, 0, 1, 0, 0, 1, 0, 0
capacitor827_jpg.rf.a150b0dc72a7b4864a45e3d3372e52bb.jpg, 0, 0, 0, 0, 1, 0, 0, 0, 0, 0, 0, 0, 0, 0, 0, 0
PCBA_150_jpg.rf.a3a567d8c4cd89738e40b283a16158cd.jpg, 1, 1, 0, 0, 1, 0, 1, 1, 0, 0, 1, 0, 0, 1, 1, 1
PCBA_576_jpg.rf.a28f92bb238f819ce023b75551b90b3a.jpg, 1, 1, 0, 0, 1, 0, 1, 1, 1, 0, 0, 0, 1, 1, 1, 0
PCBA_74_jpg.rf.a1572ca16037e91883848749a22b5cab.jpg, 1, 0, 0, 0, 1, 0, 1, 0, 0, 0, 1, 0, 0, 1, 0, 0
PCBA_527_jpg.rf.9f75a918a2c10ede64688e140e7ce114.jpg, 1, 1, 0, 0, 0, 0, 1, 0, 0, 0, 0, 0, 0, 1, 0, 1
PCBA_605_jpg.rf.9ec5babb1caccc0546f30aaa89c1ce92.jpg, 0, 0, 0, 0, 1, 0, 0, 0, 0, 0, 0, 0, 0, 0, 0, 0
PCBA_561_jpg.rf.a3bbadbce523dc0130dc65b31e28754e.jpg, 1, 0, 0, 0, 1, 0, 0, 0, 0, 0, 0, 0, 0, 1, 0, 1
PCBA_209_jpg.rf.a7b25da0b5b09147746fd6a61e26bbac.jpg, 1, 1, 0, 0, 1, 0, 1, 1, 0, 0, 0, 0, 0, 1, 0, 0
PCBA_161_jpg.rf.a8a0c5c6f6929755dba4931b156576f2.jpg, 1, 1, 0, 0, 1, 0, 1, 1, 0, 0, 1, 0, 1, 1, 0, 1
PCBA_615_jpg.rf.a7873533fd55faf1d40cc59635c95fbb.jpg, 0, 0, 0, 0, 1, 0, 0, 0, 0, 0, 0, 0, 0, 0, 0, 0
PCBA_254_jpg.rf.a830ec0ee10d972b17d5798ad5661de3.jpg, 0, 0, 0, 0, 0, 0, 0, 0, 1, 0, 0, 0, 0, 0, 0, 0
PCBA_11_jpg.rf.a57a94a3690ac58ca6df889365deac29.jpg, 1, 0, 0, 0, 1, 0, 1, 0, 0, 0, 0, 0, 0, 1, 0, 0
PCBA_166_jpg.rf.a8aff74d6d76bfb1ef32884ffd729dfe.jpg, 0, 1, 0, 0, 0, 0, 1, 1, 0, 0, 0, 0, 1, 1, 0, 1
PCBA_366_jpg.rf.a90a6ca42c9dbc01a38e7f7448c639c2.jpg, 0, 0, 0, 0, 0, 0, 0, 0, 1, 0, 0, 0, 0, 0, 0, 0
PCBA_618_jpg.rf.a8d814bea13468ddd9915189aab841a0.jpg, 0, 0, 0, 0, 1, 0, 0, 0, 0, 0, 0, 0, 0, 0, 0, 0
PCBA_146_jpg.rf.a6632339d5fe27f05478838b446c0dc6.jpg, 1, 0, 1, 0, 1, 1, 0, 1, 0, 0, 0, 0, 0, 1, 0, 0
PCBA_269_jpg.rf.a543b86d475740b4d8d28c6ef7b0bc4f.jpg, 1, 0, 1, 0, 0, 1, 1, 0, 0, 0, 0, 0, 0, 1, 0, 0
inductor4_jpg.rf.a4f58bb13e8770b57d46b1fad23964a6.jpg, 0, 0, 0, 0, 0, 0, 0, 0, 0, 0, 1, 0, 0, 0, 0, 0
PCBA_587_jpg.rf.a8dcffbef17bbe336c40652201486915.jpg, 1, 1, 0, 0, 1, 0, 1, 1, 1, 0, 0, 0, 1, 1, 1, 0
PCBA_161_jpg.rf.a4181442cf8b48bfda9a14b0f14c1629.jpg, 1, 1, 0, 0, 1, 0, 1, 1, 0, 0, 1, 0, 1, 1, 0, 1
inductor63_jpg.rf.a5c51c6351c30ef083a766ef275c704e.jpg, 0, 0, 0, 0, 0, 0, 0, 0, 0, 0, 1, 0, 0, 0, 0, 0
PCBA_233_jpg.rf.a885150ea8debfda8dd3207dba7bc5e7.jpg, 1, 0, 0, 0, 1, 0, 0, 0, 0, 0, 0, 0, 0, 0, 0, 0
PCBA_89_jpg.rf.a510e02d8e41a3ddea8f932f19c9f8f1.jpg, 0, 1, 0, 0, 0, 0, 0, 0, 0, 0, 0, 0, 0, 0, 1, 0
PCBA_194_jpg.rf.a9ef5bfce47e621d50b49b92e65f28ae.jpg, 0, 1, 0, 1, 0, 0, 0, 0, 0, 0, 0, 0, 0, 1, 1, 0
PCBA_125_jpg.rf.a525c63f55024ef85b71c950369e5bcf.jpg, 0, 0, 0, 1, 0, 0, 1, 0, 0, 0, 0, 0, 0, 1, 0, 1
PCBA_296_jpg.rf.a8cb08a446b878f2edf3f60a18c8607d.jpg, 1, 0, 0, 0, 1, 0, 0, 0, 0, 0, 1, 1, 0, 1, 0, 0
PCBA_131_jpg.rf.a4f8a33a42c7966cbfec1fed8ec8ee67.jpg, 1, 0, 0, 0, 1, 1, 0, 0, 0, 0, 0, 0, 0, 0, 0, 0
potentiometer5_jpg.rf.aa1f4b1652386023ac5d95766a0c9e56.jpg, 0, 0, 0, 0, 0, 0, 0, 0, 0, 0, 0, 1, 0, 0, 0, 0
PCBA_149_jpg.rf.a641d59011842e1040e11244c983d5c4.jpg, 1, 1, 0, 0, 1, 1, 1, 0, 0, 0, 0, 0, 0, 1, 0, 0
PCBA_252_jpg.rf.a4a640e419dc872790dec5ab32bbec94.jpg, 1, 0, 0, 0, 1, 1, 1, 0, 0, 0, 0, 0, 0, 1, 0, 1
transistor61_jpg.rf.a49805a6b99580897f221170099cd36b.jpg, 0, 0, 0, 0, 0, 0, 0, 0, 0, 0, 0, 0, 0, 0, 0, 1
diode3_jpg.rf.aac1ddf973312b29f8f3a413af5a7ea7.jpg, 0, 0, 0, 0, 0, 0, 0, 1, 0, 0, 0, 0, 0, 0, 0, 0
PCBA_120_png_jpg.rf.abaf61c2cdcff047e5f9d52037305ac0.jpg, 1, 1, 0, 1, 1, 0, 1, 0, 0, 0, 0, 1, 0, 1, 1, 1
PCBA_342_jpg.rf.ab50a1348abf6e442cea572c13800965.jpg, 0, 0, 0, 1, 0, 0, 0, 0, 0, 0, 0, 0, 0, 0, 0, 0
clock2_jpg.rf.aa665effb82622dc3df929a1775fe6a1.jpg, 0, 0, 0, 0, 0, 1, 0, 0, 0, 0, 0, 0, 0, 0, 0, 0
PCBA_84_jpg.rf.ac5377eb4f41b2f36e92c02acac3f9c0.jpg, 1, 1, 0, 0, 1, 0, 1, 1, 0, 0, 0, 0, 0, 1, 0, 0
PCBA_270_jpg.rf.ac0926904fb6dfe823d401e69589ad60.jpg, 0, 0, 0, 0, 0, 0, 0, 0, 0, 1, 0, 0, 0, 0, 0, 0
PCBA_230_jpg.rf.ab32518d8ae769ab1d1ae283f7987675.jpg, 0, 1, 0, 0, 0, 0, 0, 0, 1, 0, 0, 0, 0, 0, 1, 0
ACM-109_Top_jpg.rf.ad5d78d8f71ba5be2b1cb659155921ef.jpg, 1, 1, 0, 0, 1, 1, 1, 0, 0, 0, 1, 0, 0, 1, 1, 1
clock14_jpg.rf.ab04af5f3699dbc5f5fea61395b67504.jpg, 0, 0, 0, 0, 0, 1, 0, 0, 0, 0, 0, 0, 0, 0, 0, 0
PCBA_180_jpg.rf.ae650f00489733dffec88c1adf698ec9.jpg, 0, 0, 0, 1, 0, 0, 1, 0, 0, 0, 0, 0, 0, 1, 0, 1
PCBA_50_jpg.rf.ad777fd9c637adda9eb355694c9e18d0.jpg, 1, 1, 0, 0, 1, 0, 1, 0, 0, 0, 0, 0, 0, 1, 0, 0
clock1_jpg.rf.acb7081bc3b66cef239e279ebd3700e1.jpg, 0, 0, 0, 0, 0, 1, 0, 0, 0, 0, 0, 0, 0, 0, 0, 0
PCBA_107_jpg.rf.ac700a84d199e369619f88b959f0236f.jpg, 1, 1, 0, 0, 0, 1, 1, 0, 0, 0, 0, 0, 0, 0, 1, 0
PCBA_537_jpg.rf.acb8189b93de88946408b803edefece1.jpg, 0, 0, 0, 0, 1, 0, 0, 0, 0, 0, 0, 0, 0, 0, 0, 0
PCBA_184_png_jpg.rf.ad5c4c4791bb7b46a91520ad28f80536.jpg, 1, 0, 0, 1, 1, 0, 1, 1, 0, 0, 0, 1, 0, 1, 0, 0
PCBA_55_jpg.rf.acf898c2447994444cffbfa6df074fc2.jpg, 1, 1, 0, 0, 1, 0, 0, 1, 0, 0, 0, 0, 0, 1, 0, 0
PCBA_80_jpg.rf.aaa7e4ec7efdfaab56b0527c92fcf8e7.jpg, 1, 1, 0, 0, 1, 0, 0, 0, 0, 0, 0, 1, 0, 1, 1, 1
PCBA_617_jpg.rf.aa7d07c1d596544e5a4ca7daeab3e337.jpg, 0, 0, 0, 0, 1, 0, 0, 0, 0, 0, 0, 0, 0, 0, 0, 0
PCBA_107_jpg.rf.adca15ed533337e30e0c3055c43dc44b.jpg, 1, 1, 0, 0, 0, 1, 1, 0, 0, 0, 0, 0, 0, 0, 1, 0
PCBA_380_jpg.rf.ae1730790beb78c25dcf5fe99afe324b.jpg, 0, 0, 0, 0, 0, 0, 0, 0, 0, 0, 0, 0, 0, 0, 0, 1
PCBA_504_jpg.rf.ae1ef866b4ed00da631fcfdafb809594.jpg, 0, 0, 0, 0, 1, 0, 0, 0, 0, 0, 0, 0, 0, 1, 0, 1
inductor66_jpg.rf.ae0dc22b39855ae2e990ad6a64480d9d.jpg, 0, 0, 0, 0, 0, 0, 0, 0, 0, 0, 1, 0, 0, 0, 0, 0
PCBA_357_jpg.rf.ae6049d44d128ed78ef9939063116064.jpg, 0, 0, 0, 0, 0, 0, 0, 0, 1, 0, 0, 0, 0, 0, 0, 0
PCBA_250_jpg.rf.ae60c9cf48691b0e6aa33882d739e8ac.jpg, 0, 0, 0, 0, 0, 0, 1, 0, 1, 0, 0, 0, 0, 0, 0, 0
PCBA_278_jpg.rf.ad42f523bb5e0a2e5036ff6ca14b5690.jpg, 0, 0, 0, 0, 1, 0, 0, 0, 0, 0, 0, 0, 0, 1, 0, 0
inductor14_jpg.rf.b0f07ca23ba582729cac781bdd8cf1af.jpg, 0, 0, 0, 0, 0, 0, 0, 0, 0, 0, 1, 0, 0, 0, 0, 0
PCBA_163_jpg.rf.b1074db56cd91a41c0815bc95dddf237.jpg, 0, 1, 0, 0, 1, 0, 1, 1, 0, 0, 0, 0, 1, 1, 0, 0
PCBA_518_jpg.rf.b3652c13ecc93fbaa6165e7540367ec3.jpg, 1, 0, 0, 0, 1, 0, 0, 0, 0, 0, 1, 0, 0, 1, 0, 0
PCBA_169_jpg.rf.b2cddaa2f8b41c6c468b2e17de2e3601.jpg, 0, 0, 0, 1, 0, 0, 0, 0, 0, 0, 0, 0, 0, 1, 0, 1
PCBA_238_jpg.rf.b0ddbe779b7e8cb8b530e1f350d96c13.jpg, 0, 0, 0, 0, 0, 0, 0, 0, 1, 0, 0, 0, 0, 0, 0, 0
PCBA_512_jpg.rf.b5371290e36ef99d8c46573d72ae4fbd.jpg, 0, 0, 0, 0, 1, 0, 0, 0, 0, 0, 0, 0, 0, 1, 0, 1
clock20_jpg.rf.afcaba6df213c0caa95a428e790aae90.jpg, 0, 0, 0, 0, 0, 1, 0, 0, 0, 0, 0, 0, 0, 0, 0, 0
PCBA_620_jpg.rf.b5eee1f054c6b109af3063295ade9f1b.jpg, 1, 1, 0, 0, 1, 1, 0, 0, 0, 0, 0, 0, 0, 1, 0, 0
PCBA_560_jpg.rf.b458979876554affb2c9b054b005e525.jpg, 1, 0, 0, 0, 0, 1, 0, 0, 0, 0, 0, 0, 0, 0, 0, 0
PCBA_142_jpg.rf.b0773675d46163bf4e22960ff7041038.jpg, 0, 0, 1, 0, 0, 0, 0, 0, 0, 0, 0, 0, 0, 0, 0, 0
clock7_jpg.rf.b21ce0f80a684241f84126c0f80f7d9f.jpg, 0, 0, 0, 0, 0, 1, 0, 0, 0, 0, 0, 0, 0, 0, 0, 0
PCBA_361_jpg.rf.b47446b775f5a59c450fbf98cc1e60c0.jpg, 0, 0, 0, 0, 0, 0, 0, 0, 1, 0, 0, 0, 0, 0, 0, 0
PCBA_318_jpg.rf.b3860c26d07172800a5e98de6fa5662d.jpg, 1, 0, 0, 0, 1, 0, 0, 0, 0, 0, 1, 1, 0, 1, 0, 0
PCBA_71_jpg.rf.b03cb0612aec563c036363b70f2f9d17.jpg, 1, 1, 0, 0, 1, 0, 0, 0, 0, 0, 0, 0, 0, 1, 0, 0
PCBA_296_jpg.rf.b44e1b5b118da79ad1ef6b737ecbd074.jpg, 1, 0, 0, 0, 1, 0, 0, 0, 0, 0, 1, 1, 0, 1, 0, 0
PCBA_250_jpg.rf.af56998bbab646c9efe68b283df1ad47.jpg, 0, 0, 0, 0, 0, 0, 1, 0, 1, 0, 0, 0, 0, 0, 0, 0
PCBA_384_jpg.rf.b370c4781e77aadf2f82b342f29c8e25.jpg, 0, 0, 0, 0, 0, 0, 1, 0, 0, 0, 0, 0, 0, 0, 1, 0
PCBA_170_jpg.rf.b2f888e051526a7a25e9406bfffb14bc.jpg, 0, 0, 0, 1, 0, 0, 1, 0, 0, 0, 0, 0, 0, 0, 0, 0
PCBA_316_jpg.rf.b4ab97e608c9c382e840f65d7f4b3124.jpg, 0, 0, 0, 0, 0, 0, 0, 0, 1, 0, 0, 0, 0, 0, 0, 0
PCBA_234_jpg.rf.b4c435da643663c4ecea8ba80aff5f19.jpg, 0, 0, 0, 0, 0, 0, 0, 1, 0, 0, 1, 0, 0, 0, 0, 0
PCBA_244_jpg.rf.b05f596355483b785e6689287c92c2f6.jpg, 0, 0, 0, 0, 0, 0, 0, 0, 1, 0, 0, 0, 0, 0, 0, 0
button4_jpg.rf.b3c26292d8204358545ce8009f41c894.jpg, 0, 0, 0, 0, 0, 0, 0, 0, 0, 0, 0, 0, 0, 0, 1, 0
PCBA_552_jpg.rf.b028f75940a0527aa3e6abbc56247751.jpg, 1, 1, 0, 0, 1, 0, 1, 1, 1, 0, 0, 0, 0, 1, 1, 1
PCBA_344_jpg.rf.b3bd8a4eaaea46145077ddede1822a8e.jpg, 0, 0, 0, 1, 0, 0, 0, 0, 0, 0, 0, 0, 0, 0, 0, 0
clock20_jpg.rf.afdd9e206a673f77b2281c6b29b62db0.jpg, 0, 0, 0, 0, 0, 1, 0, 0, 0, 0, 0, 0, 0, 0, 0, 0
PCBA_510_jpg.rf.b61c22863400e47d9fc0151792de214e.jpg, 0, 0, 0, 0, 0, 0, 0, 0, 0, 0, 0, 0, 0, 1, 0, 1
diode6_jpg.rf.b66cd882d51ab0af037186a6070bf250.jpg, 0, 0, 0, 0, 0, 0, 0, 1, 0, 0, 0, 0, 0, 0, 0, 0
clock4_jpg.rf.b785bd7d6cc029dcee1dccbf5d765dbb.jpg, 0, 0, 0, 0, 0, 1, 0, 0, 0, 0, 0, 0, 0, 0, 0, 0
PCBA_360_jpg.rf.b743c6a77022aad772020ec25738dd95.jpg, 0, 0, 0, 0, 0, 0, 0, 0, 1, 0, 0, 0, 0, 0, 0, 0
PCBA_4_jpg.rf.ba0eb46f028d6966a33f7d955c64ea77.jpg, 1, 1, 0, 0, 1, 1, 1, 1, 0, 0, 0, 0, 0, 1, 1, 1
transistor61_jpg.rf.b9529303508a891ac52666300dd787d3.jpg, 0, 0, 0, 0, 0, 0, 0, 0, 0, 0, 0, 0, 0, 0, 0, 1
transistor35_jpg.rf.bbd9068bb054634f9073a451013ebe6d.jpg, 0, 0, 0, 0, 0, 0, 0, 0, 0, 0, 0, 0, 0, 0, 0, 1
PCBA_346_jpg.rf.b8926105b0485bdee4d0e44785e6840c.jpg, 0, 1, 0, 1, 1, 0, 0, 0, 0, 0, 0, 0, 0, 1, 1, 0
PCBA_54_jpg.rf.b7928b24b75380c9292cd58b3a74e26c.jpg, 1, 1, 0, 0, 1, 0, 1, 0, 0, 0, 1, 0, 0, 1, 0, 0
PCBA_316_jpg.rf.b6da0531d43ef754e2e386043df81898.jpg, 0, 0, 0, 0, 0, 0, 0, 0, 1, 0, 0, 0, 0, 0, 0, 0
button17_jpg.rf.b632258e7674163d05f1583a81f6cdd8.jpg, 0, 0, 0, 0, 0, 0, 0, 0, 0, 0, 0, 0, 0, 0, 1, 0
PCBA_71_jpg.rf.b8a1482640d77c0491272e11cbeaef3b.jpg, 1, 1, 0, 0, 1, 0, 0, 0, 0, 0, 0, 0, 0, 1, 0, 0
button1_jpg.rf.bb5c589f592087a79383eb3256b7b1f6.jpg, 0, 0, 0, 0, 0, 0, 0, 0, 0, 0, 0, 0, 0, 0, 1, 0
diode4_jpg.rf.b889d9db96d9157c501ceb8620a23777.jpg, 0, 0, 0, 0, 0, 0, 0, 1, 0, 0, 0, 0, 0, 0, 0, 0
PCBA_233_jpg.rf.bbd2725e59938a91a10b8da5f85ee25a.jpg, 1, 0, 0, 0, 1, 0, 0, 0, 0, 0, 0, 0, 0, 0, 0, 0
PCBA_606_jpg.rf.b92f05b314a9c103a13a5838b596080e.jpg, 0, 0, 0, 0, 1, 0, 0, 0, 0, 0, 0, 0, 0, 0, 0, 0
PCBA_140_jpg.rf.b9296d414e8bb76848fa93d008b3b5c5.jpg, 0, 0, 1, 0, 0, 0, 0, 0, 0, 0, 0, 0, 0, 0, 0, 0
PCBA_371_jpg.rf.b70ead4c0a17b462ad463652cdc988e2.jpg, 0, 0, 0, 0, 0, 0, 0, 0, 1, 0, 0, 0, 0, 0, 0, 0
PCBA_209_jpg.rf.b644197cb238e96543296064eb7a7e6c.jpg, 1, 1, 0, 0, 1, 0, 1, 1, 0, 0, 0, 0, 0, 1, 0, 0
battery5_jpg.rf.b6ed7d5d2612888b3dcf6e41f9c18381.jpg, 0, 0, 1, 0, 0, 0, 0, 0, 0, 0, 0, 0, 0, 0, 0, 0
PCBA_167_jpg.rf.bbb642a76e83957f24bd314e88ad6839.jpg, 1, 1, 0, 0, 1, 0, 1, 1, 0, 0, 0, 0, 1, 1, 0, 0
diode13_jpg.rf.bbe6501f06ffc785361eefe129efd601.jpg, 0, 0, 0, 0, 0, 0, 0, 1, 0, 0, 0, 0, 0, 0, 0, 0
PCBA_351_jpg.rf.bbc45adcb812341275cd8e09329abdeb.jpg, 0, 0, 1, 0, 1, 0, 0, 0, 0, 0, 0, 0, 0, 0, 0, 0
PCBA_551_jpg.rf.bc5ffeaeb75217d3bbb75f272d4e7536.jpg, 1, 1, 0, 0, 1, 0, 1, 1, 0, 0, 0, 0, 0, 1, 1, 1
PCBA_292_jpg.rf.bc6757b25a85910ac8a733024a6143c7.jpg, 0, 0, 0, 0, 1, 0, 1, 1, 0, 0, 0, 0, 0, 0, 0, 0
PCBA_3_jpg.rf.b7e64859c1444e45b42168b6b77ab812.jpg, 1, 0, 1, 0, 0, 1, 1, 0, 0, 0, 0, 0, 0, 0, 0, 0
PCBA_14_jpg.rf.bc8f17aede5774753dacc711de8c49fd.jpg, 1, 0, 0, 0, 1, 0, 0, 0, 0, 0, 0, 1, 0, 1, 0, 0
PCBA_505_jpg.rf.bcb70f9dd9379e61d2c0e8ec6932db9a.jpg, 1, 0, 0, 0, 1, 0, 0, 1, 0, 0, 0, 0, 0, 1, 1, 0
PCBA_377_jpg.rf.bc66b8777d9b74cceb35d0c3dbc04998.jpg, 0, 0, 0, 0, 0, 0, 1, 0, 0, 0, 0, 0, 1, 0, 0, 0
PCBA_618_jpg.rf.b6b29ce28a3c4835c14e67334c9d565f.jpg, 0, 0, 0, 0, 1, 0, 0, 0, 0, 0, 0, 0, 0, 0, 0, 0
PCBA_152_jpg.rf.bc9d71e9b30030bf721a61b7d1613066.jpg, 0, 0, 0, 0, 0, 0, 0, 1, 0, 0, 0, 0, 0, 0, 0, 0
PCBA_310_jpg.rf.c181303a6d67442bff94293733018957.jpg, 0, 0, 0, 0, 0, 0, 0, 0, 1, 0, 0, 0, 0, 0, 0, 0
PCBA_41_jpg.rf.be40ce94819bb8b5e6d902bae2064434.jpg, 1, 1, 0, 0, 1, 1, 1, 0, 0, 0, 0, 0, 0, 1, 1, 1
PCBA_602_jpg.rf.bdf3e675acf71d936db54894e64d68b6.jpg, 0, 0, 0, 0, 1, 0, 0, 0, 0, 0, 0, 0, 0, 1, 0, 1
PCBA_302_jpg.rf.bf76be8d5084494da5fce4dbec8bfe69.jpg, 0, 1, 0, 0, 1, 0, 1, 0, 1, 0, 0, 0, 1, 0, 1, 0
PCBA_248_png_jpg.rf.c0cde133034d93a124ce7f7ab116ea72.jpg, 0, 0, 0, 0, 0, 0, 0, 0, 1, 0, 0, 0, 0, 0, 0, 0
PCBA_534_jpg.rf.bcbcd4cbef820f2e072877122bfa281a.jpg, 0, 0, 0, 0, 0, 0, 0, 1, 0, 0, 0, 0, 0, 0, 0, 0
PCBA_320_jpg.rf.bdb8285a68df254ed9aaadb71893d1c1.jpg, 0, 0, 0, 0, 0, 0, 0, 0, 0, 0, 1, 0, 0, 0, 1, 1
PCBA_256_jpg.rf.c16a6b5eab40118f1965b9cf146c176a.jpg, 0, 1, 0, 0, 0, 0, 0, 0, 1, 0, 0, 1, 0, 1, 1, 0
PCBA_93_jpg.rf.be33fe81ebac5c02b3a17ed6569c942c.jpg, 1, 1, 0, 0, 1, 0, 0, 0, 0, 0, 0, 0, 0, 1, 1, 0
potentiometer18_jpg.rf.bf854bf43edf8ce450bb8d3e8bbf71f4.jpg, 0, 0, 0, 0, 0, 0, 0, 0, 0, 0, 0, 1, 0, 0, 0, 0
PCBA_152_jpg.rf.bd90358b19f687a3907298c77615d07e.jpg, 0, 0, 0, 0, 0, 0, 0, 1, 0, 0, 0, 0, 0, 0, 0, 0
PCBA_297_jpg.rf.c229f2a469538428d682d9953f3a35a7.jpg, 1, 1, 0, 0, 1, 0, 0, 1, 0, 0, 1, 1, 0, 1, 0, 0
PCBA_151_jpg.rf.bd45f4e6f41439a1bb09af0bec2ccec7.jpg, 1, 1, 1, 0, 1, 0, 1, 0, 0, 0, 0, 0, 0, 1, 0, 0
PCBA_82_jpg.rf.c03bfb5b7982f1d63743c097e96c2b18.jpg, 1, 0, 0, 0, 1, 0, 1, 1, 0, 0, 0, 1, 0, 1, 0, 1
PCBA_185_jpg.rf.bd3c0432929b560864ffc4873679d161.jpg, 1, 0, 0, 1, 0, 0, 1, 0, 0, 0, 0, 0, 0, 0, 1, 1
transistor26_jpg.rf.bd3bceab96626c5a774da50f1c58bb18.jpg, 0, 0, 0, 0, 0, 0, 0, 0, 0, 0, 0, 0, 0, 0, 0, 1
PCBA_341_jpg.rf.c134751138a672cb27fb08e448487ca1.jpg, 0, 0, 0, 0, 0, 0, 0, 0, 1, 0, 0, 0, 0, 0, 0, 0
PCBA_509_jpg.rf.c369107e3bf0cbb8ad3286a9545fcd97.jpg, 0, 0, 0, 0, 0, 0, 0, 0, 0, 0, 0, 0, 0, 1, 0, 1
diode2_jpg.rf.becb0742af83e23d5d880a8b85885d75.jpg, 0, 0, 0, 0, 0, 0, 0, 1, 0, 0, 0, 0, 0, 0, 0, 0
potentiometer13_jpg.rf.c4212a72db25f31ca931f9474946c218.jpg, 0, 0, 0, 0, 0, 0, 0, 0, 0, 0, 0, 1, 0, 0, 0, 0
battery4_jpg.rf.beb8b9be76f8b48a694f123764ddc12f.jpg, 0, 0, 1, 0, 0, 0, 0, 0, 0, 0, 0, 0, 0, 0, 0, 0
PCBA_319_jpg.rf.c27e241d55762bf5f6dfd8ff693c5791.jpg, 0, 0, 1, 0, 0, 0, 0, 0, 0, 0, 0, 0, 0, 0, 0, 0
PCBA_288_jpg.rf.c0a4de9a6afae6e031bbdca69b0bd1e1.jpg, 1, 0, 0, 0, 1, 0, 0, 1, 0, 0, 0, 0, 0, 1, 0, 1
PCBA_332_jpg.rf.bf36215e83f9c324a8655a5aede14d1c.jpg, 0, 0, 0, 1, 0, 0, 0, 0, 0, 0, 0, 0, 0, 1, 0, 1
clock1_jpg.rf.c45ef9566023bdae9ab37d71a2e1593f.jpg, 0, 0, 0, 0, 0, 1, 0, 0, 0, 0, 0, 0, 0, 0, 0, 0
PCBA_244_jpg.rf.c4ac07199718801744ee0e80b33cfd40.jpg, 0, 0, 0, 0, 0, 0, 0, 0, 1, 0, 0, 0, 0, 0, 0, 0
PCBA_624_jpg.rf.c52960bd09f4c0a56c58b5b5c41fb633.jpg, 0, 0, 0, 0, 0, 1, 0, 0, 0, 0, 0, 0, 0, 0, 0, 0
potentiometer7_jpg.rf.c551ae0302fd398b39eab749ee9a4a48.jpg, 0, 0, 0, 0, 0, 0, 0, 0, 0, 0, 0, 1, 0, 0, 0, 0
PCBA_114_jpg.rf.c5586257ff954b229a8f668668ddbc4b.jpg, 1, 1, 0, 0, 1, 0, 0, 1, 0, 0, 1, 1, 0, 1, 0, 0
PCBA_62_jpg.rf.c599ea659530a2cac648df1e71c83e18.jpg, 1, 1, 0, 0, 1, 0, 0, 0, 0, 0, 0, 0, 0, 1, 0, 0
PCBA_353_jpg.rf.c564e6054db1fe740dccd33a276a26eb.jpg, 0, 0, 0, 0, 0, 0, 0, 0, 1, 0, 0, 0, 0, 0, 0, 0
PCBA_121_jpg.rf.c558b255f997753b1f685941a9da3910.jpg, 0, 0, 1, 1, 0, 0, 0, 0, 0, 0, 0, 0, 0, 0, 1, 0
inductor63_jpg.rf.c61b83bcf89f7c70511b45d1bc704f7f.jpg, 0, 0, 0, 0, 0, 0, 0, 0, 0, 0, 1, 0, 0, 0, 0, 0
PCBA_592_jpg.rf.c5aa1e9476e97667b0618bbc08c8cfb0.jpg, 0, 0, 0, 0, 0, 0, 1, 0, 0, 0, 0, 0, 0, 0, 1, 0
PCBA_207_jpg.rf.c6ab846d0c8a8f3367b2a319f8cc5188.jpg, 0, 0, 0, 0, 0, 0, 0, 0, 0, 0, 0, 1, 0, 0, 0, 0
PCBA_54_jpg.rf.c9bac7131ef198331cb982baedcee458.jpg, 1, 1, 0, 0, 1, 0, 1, 0, 0, 0, 1, 0, 0, 1, 0, 0
PCBA_135_jpg.rf.c76d455f9d6c782e8bf3de6443133842.jpg, 1, 1, 0, 0, 1, 0, 0, 0, 0, 0, 0, 1, 0, 1, 0, 1
PCBA_304_jpg.rf.c70b694f9b40d72742f4efce41043c3d.jpg, 1, 0, 0, 0, 1, 0, 0, 1, 1, 0, 1, 0, 0, 1, 1, 1
PCBA_37_jpg.rf.cc6c3700ca0e0f408222db66c7816f7b.jpg, 1, 1, 0, 0, 1, 0, 1, 0, 0, 0, 0, 0, 0, 1, 0, 0
PCBA_502_jpg.rf.c7f8a80c9598d1010c83dc8c685a5570.jpg, 0, 0, 0, 0, 0, 0, 0, 0, 0, 0, 0, 0, 0, 0, 0, 1
PCBA_30_jpg.rf.c9f4af18d34db897e2ad23123543fb97.jpg, 1, 1, 0, 0, 1, 0, 1, 0, 0, 0, 0, 0, 0, 1, 0, 0
PCBA_328_jpg.rf.cd9d709c360fc923e0bcd30e0a8a6247.jpg, 0, 0, 1, 0, 0, 0, 0, 0, 0, 0, 0, 0, 0, 0, 0, 0
PCBA_593_jpg.rf.c801bf9264571fe1b7c106c155bff105.jpg, 1, 1, 0, 0, 0, 0, 0, 0, 1, 0, 0, 0, 1, 1, 0, 0
PCBA_219_jpg.rf.cd766c077019ac23d7d15e83e56402a1.jpg, 1, 0, 1, 0, 0, 0, 0, 0, 1, 0, 0, 1, 0, 1, 1, 1
PCBA_24_jpg.rf.c80cde4cd284b067657e1e2e9dc24bae.jpg, 1, 1, 0, 0, 1, 0, 0, 1, 0, 0, 1, 0, 0, 1, 0, 0
PCBA_171_jpg.rf.c7a33de2514d1b2ecc6ada43824664a8.jpg, 0, 0, 0, 0, 0, 0, 0, 0, 0, 0, 0, 0, 0, 1, 0, 1
PCBA_87_jpg.rf.c995be564391e0c4fd5583cbe5eb7189.jpg, 1, 1, 0, 0, 1, 0, 1, 1, 0, 0, 0, 0, 0, 1, 0, 0
transistor45_jpg.rf.ca96c00030485cf19ee442e766102da2.jpg, 0, 0, 0, 0, 0, 0, 0, 0, 0, 0, 0, 0, 0, 0, 0, 1
PCBA_590_jpg.rf.cb3d5b887077299a66284d42b79e06ee.jpg, 0, 0, 0, 1, 0, 0, 0, 0, 0, 0, 0, 0, 0, 1, 0, 1
PCBA_36_jpg.rf.cd22688721d2ea33f42ad107318dd92c.jpg, 1, 1, 0, 0, 1, 0, 1, 0, 0, 0, 0, 0, 0, 1, 0, 0
inductor57_jpg.rf.ceddc78a8c58456ff7679a8afb96e0d5.jpg, 0, 0, 0, 0, 0, 0, 0, 0, 0, 0, 1, 0, 0, 0, 0, 0
PCBA_195_jpg.rf.caf885419ff28207f27b01d3318e3a56.jpg, 0, 1, 0, 1, 1, 0, 0, 0, 0, 0, 0, 0, 0, 0, 0, 0
inductor30_jpg.rf.ca739f15617ac293f4e7ff9e4093113d.jpg, 0, 0, 0, 0, 0, 0, 0, 0, 0, 0, 1, 0, 0, 0, 0, 0
transistor1_jpg.rf.ca9bf6f6d68d366a623ee7be04722b24.jpg, 0, 0, 0, 0, 0, 0, 0, 0, 0, 0, 0, 0, 0, 0, 0, 1
potentiometer3_jpg.rf.cd6ebab76c9ca7f250087618f23d2eee.jpg, 0, 0, 0, 0, 0, 0, 0, 0, 0, 0, 0, 1, 0, 0, 0, 0
PCBA_543_jpg.rf.cbf555dae43fc0621345e2411cef88f9.jpg, 1, 1, 0, 0, 0, 0, 1, 1, 0, 0, 0, 0, 1, 1, 0, 1
PCBA_109_jpg.rf.cb3671a27ab6e4f02f1095e7eebbed0c.jpg, 1, 0, 0, 0, 1, 0, 1, 0, 0, 0, 1, 0, 0, 1, 0, 1
PCBA_614_jpg.rf.cf0f0ea0d65cf9ce28792a39f3071b92.jpg, 0, 0, 0, 0, 1, 0, 0, 0, 0, 0, 1, 0, 0, 0, 0, 0
PCBA_147_jpg.rf.d04ea4bcf200f68f22a35be7073eb8ca.jpg, 1, 1, 1, 0, 1, 1, 0, 1, 0, 0, 0, 0, 0, 1, 0, 0
PCBA_196_jpg.rf.cf3a692f5a50c9e7229c2417b07123f1.jpg, 0, 1, 0, 0, 0, 0, 0, 1, 0, 0, 0, 0, 0, 0, 0, 0
PCBA_177_jpg.rf.cd2f62e82000dcd5d1e1cb9733440499.jpg, 0, 1, 0, 0, 0, 0, 1, 1, 0, 1, 0, 0, 0, 1, 1, 0
PCBA_21_jpg.rf.cf69cfb696611a6961a0bbc13feaa4f4.jpg, 1, 1, 0, 0, 1, 0, 1, 0, 0, 0, 0, 0, 0, 1, 0, 0
PCBA_11_jpg.rf.cf8dcb107a092c8e5e4de31ba888feeb.jpg, 1, 0, 0, 0, 1, 0, 1, 0, 0, 0, 0, 0, 0, 1, 0, 0
PCBA_622_jpg.rf.d2e1445448292f1da94713356213a7da.jpg, 1, 0, 0, 0, 1, 0, 0, 1, 0, 0, 0, 0, 0, 0, 0, 1
PCBA_253_jpg.rf.d254ac107a572abfcc08485668b215ca.jpg, 0, 0, 0, 0, 0, 0, 0, 0, 1, 0, 0, 0, 0, 0, 0, 0
PCBA_44_jpg.rf.d1cb08901904c7903232a3b0cc6614df.jpg, 1, 1, 0, 0, 1, 1, 1, 0, 0, 0, 0, 0, 0, 1, 0, 0
PCBA_202_jpg.rf.d12b0e2f7095a5cb57c5a4443a63d122.jpg, 0, 1, 0, 0, 0, 0, 0, 0, 0, 0, 0, 0, 0, 1, 0, 1
PCBA_304_jpg.rf.d16b8873796a0abe6def66211c7ac293.jpg, 1, 0, 0, 0, 1, 0, 0, 1, 1, 0, 1, 0, 0, 1, 1, 1
PCBA_49_jpg.rf.d5a34744ae0269178a2f1edfb88b2a1d.jpg, 1, 1, 0, 0, 1, 0, 0, 0, 0, 0, 0, 0, 0, 1, 0, 0
PCBA_112_jpg.rf.ce98815317b4c5d562fe4106dfdb3a12.jpg, 1, 1, 0, 1, 1, 0, 1, 1, 1, 0, 0, 0, 1, 1, 1, 1
PCBA_122_jpg.rf.d56bcac4f25c82434970b118adcd077a.jpg, 1, 0, 0, 1, 1, 0, 0, 0, 0, 0, 0, 0, 0, 1, 0, 0
PCBA_617_jpg.rf.d633f153f5204dad091455d34ae3c8cc.jpg, 0, 0, 0, 0, 1, 0, 0, 0, 0, 0, 0, 0, 0, 0, 0, 0
PCBA_240_jpg.rf.d168d9de298599607cfa529ed8052fe7.jpg, 1, 1, 0, 0, 1, 0, 1, 1, 1, 0, 0, 0, 1, 1, 1, 1
PCBA_308_jpg.rf.d6ac014435c8ad3e241dc9f1f5e5fa2f.jpg, 1, 0, 0, 0, 1, 0, 0, 1, 0, 0, 1, 1, 0, 0, 0, 0
PCBA_166_jpg.rf.d20339dcc3fb3ec71b9f9334a922195e.jpg, 0, 1, 0, 0, 0, 0, 1, 1, 0, 0, 0, 0, 1, 1, 0, 1
button2_jpg.rf.d50fa410e25dd7d1a8cb6ba1fa29fb78.jpg, 0, 0, 0, 0, 0, 0, 0, 0, 0, 0, 0, 0, 0, 0, 1, 0
PCBA_350_jpg.rf.d41ecc08956d006e18f759e555abf2c8.jpg, 0, 0, 1, 0, 0, 0, 0, 0, 0, 0, 0, 0, 0, 0, 1, 0
transistor56_jpg.rf.d2baff4d241bbe52efab2c85aa987ea5.jpg, 0, 0, 0, 0, 0, 0, 0, 0, 0, 0, 0, 0, 0, 0, 0, 1
PCBA_359_jpg.rf.d2a80f2bda97cbc3eba9306a833f6d29.jpg, 0, 0, 0, 0, 0, 0, 1, 0, 1, 0, 0, 0, 0, 1, 0, 0
PCBA_35_jpg.rf.d2b5f9be1953772917767c3e52f60d53.jpg, 1, 1, 0, 0, 1, 0, 1, 0, 0, 0, 0, 0, 0, 1, 0, 0
PCBA_181_jpg.rf.d474c8937b92c92a0c4f404b55d94527.jpg, 0, 0, 1, 1, 0, 0, 0, 1, 0, 0, 0, 0, 0, 0, 1, 0
inductor66_jpg.rf.d7c22f9f3ef8e821ceca284943a637bb.jpg, 0, 0, 0, 0, 0, 0, 0, 0, 0, 0, 1, 0, 0, 0, 0, 0
PCBA_253_jpg.rf.d648209ae02da1c96d701e4105ceb8e3.jpg, 0, 0, 0, 0, 0, 0, 0, 0, 1, 0, 0, 0, 0, 0, 0, 0
PCBA_601_jpg.rf.d6c71a70f8725dbbd5541ca4904b27d1.jpg, 0, 0, 0, 0, 0, 0, 0, 0, 0, 0, 0, 0, 0, 1, 0, 1
PCBA_315_jpg.rf.d5edfd94935f787d8e9761492c4ad590.jpg, 0, 0, 0, 1, 0, 0, 0, 0, 0, 0, 0, 0, 0, 0, 0, 0
potentiometer11_jpg.rf.d80df735e7342ff39d717b9391073244.jpg, 0, 0, 0, 0, 0, 0, 0, 0, 0, 0, 0, 1, 0, 0, 0, 0
PCBA_173_jpg.rf.d429a73c3004a933d05253d4bae9ae7e.jpg, 1, 1, 0, 0, 1, 0, 1, 1, 0, 1, 0, 0, 0, 1, 0, 0
PCBA_383_jpg.rf.d9c86888324e02635d3d93dbd08ca7b7.jpg, 0, 0, 0, 0, 0, 0, 1, 0, 0, 0, 0, 0, 0, 0, 1, 0
PCBA_278_jpg.rf.d921fb96fb1020d61a73eb8dba293e50.jpg, 0, 0, 0, 0, 1, 0, 0, 0, 0, 0, 0, 0, 0, 1, 0, 0
PCBA_594_jpg.rf.d69bd712ed6136226cdc6d055f2b2582.jpg, 1, 1, 0, 0, 1, 0, 0, 0, 0, 0, 0, 0, 0, 0, 1, 0
PCBA_529_jpg.rf.d359bc3d55c9d9aa51166197db00114c.jpg, 0, 0, 0, 0, 0, 0, 0, 0, 0, 0, 0, 0, 0, 0, 0, 1
PCBA_566_jpg.rf.dc535c1cb48836cfffe628da2502e7a6.jpg, 1, 0, 0, 0, 1, 0, 0, 0, 0, 0, 0, 0, 0, 1, 0, 1
PCBA_299_jpg.rf.cfaa2ded122e50b77028720add819cb0.jpg, 1, 0, 0, 0, 1, 0, 0, 1, 0, 0, 1, 0, 0, 0, 0, 0
PCBA_50_jpg.rf.da711ea13ba17469af62896b27530841.jpg, 1, 1, 0, 0, 1, 0, 1, 0, 0, 0, 0, 0, 0, 1, 0, 0
PCBA_3_jpg.rf.db7c0c521f3494105e16e928409a3a17.jpg, 1, 0, 1, 0, 0, 1, 1, 0, 0, 0, 0, 0, 0, 0, 0, 0
battery2_jpg.rf.d9f91d9505564d96310a3e1c47624efd.jpg, 0, 0, 1, 0, 0, 0, 0, 0, 0, 0, 0, 0, 0, 0, 0, 0
PCBA_303_jpg.rf.d99da35c6a3c87280fd2b9f31510aaa3.jpg, 0, 0, 0, 0, 0, 0, 1, 1, 0, 0, 0, 0, 1, 1, 0, 1
PCBA_288_jpg.rf.dc257e447cd51549018b9eaa38dfe51b.jpg, 1, 0, 0, 0, 1, 0, 0, 1, 0, 0, 0, 0, 0, 1, 0, 1
PCBA_512_jpg.rf.dbc2de7104691729816e61454cb54f86.jpg, 0, 0, 0, 0, 1, 0, 0, 0, 0, 0, 0, 0, 0, 1, 0, 1
inductor1_jpg.rf.dc6a1450f589f5b20b0859e21cb24d77.jpg, 0, 0, 0, 0, 0, 0, 0, 0, 0, 0, 1, 0, 0, 0, 0, 0
clock6_jpg.rf.d87b2e3d67d1a13e2069133e4edb7eb8.jpg, 0, 0, 0, 0, 0, 1, 0, 0, 0, 0, 0, 0, 0, 0, 0, 0
PCBA_382_jpg.rf.da6c89aa51072a12f49307166b59e18f.jpg, 0, 0, 0, 0, 0, 0, 1, 0, 0, 0, 0, 0, 0, 0, 1, 0
PCBA_596_jpg.rf.db09cc9b387ff41e7256deb3be7b0a70.jpg, 1, 1, 0, 0, 0, 0, 1, 0, 0, 0, 0, 1, 0, 1, 0, 0
PCBA_606_jpg.rf.dc3ce568766fbfaebf1ee627e715db4d.jpg, 0, 0, 0, 0, 1, 0, 0, 0, 0, 0, 0, 0, 0, 0, 0, 0
potentiometer7_jpg.rf.dbf2c44419781559249fdd6e93fd5188.jpg, 0, 0, 0, 0, 0, 0, 0, 0, 0, 0, 0, 1, 0, 0, 0, 0
PCBA_78_jpg.rf.dc3da11643788d629748ee0cfe9882df.jpg, 1, 1, 0, 0, 1, 0, 1, 0, 0, 0, 0, 0, 0, 1, 0, 1
PCBA_532_jpg.rf.dda65d52c3ab4b98ac090577feb97ed7.jpg, 1, 0, 0, 0, 1, 0, 0, 1, 0, 0, 0, 0, 0, 1, 0, 1
PCBA_270_jpg.rf.dc6e544e699231d2843fed162f079f96.jpg, 0, 0, 0, 0, 0, 0, 0, 0, 0, 1, 0, 0, 0, 0, 0, 0
PCBA_100_jpg.rf.dc77a13815b1afae700cfd2dcb1112fe.jpg, 1, 1, 0, 0, 1, 0, 1, 1, 0, 0, 0, 0, 0, 1, 1, 1
PCBA_144_jpg.rf.db6357178e3ea41fde730ab0a19cd184.jpg, 1, 1, 1, 0, 1, 1, 0, 0, 0, 0, 0, 0, 0, 1, 0, 1
transistor54_jpg.rf.ddb15e14f650a2775c3d4c057d0c48c8.jpg, 0, 0, 0, 0, 0, 0, 0, 0, 0, 0, 0, 0, 0, 0, 0, 1
PCBA_345_jpg.rf.de1beae5c2a59d1c2d6326f37e032fb7.jpg, 0, 1, 0, 1, 1, 0, 0, 0, 0, 0, 0, 0, 0, 0, 0, 0
PCBA_218_jpeg_jpg.rf.dc82f90d868f7a8c349d2e3a56c55204.jpg, 1, 1, 1, 0, 1, 0, 1, 1, 1, 0, 0, 1, 0, 1, 1, 1
PCBA_65_jpg.rf.dde48556a36463093b9cde9a3d66a534.jpg, 1, 1, 0, 0, 1, 0, 1, 1, 0, 0, 0, 0, 0, 1, 0, 0
PCBA_533_jpg.rf.de32dd1283ac74c9bfdaea1319e2ff4b.jpg, 1, 0, 0, 0, 1, 0, 0, 1, 0, 0, 0, 0, 0, 1, 0, 0
PCBA_130_jpg.rf.de9f7a549ca0fabc33dfa064d570fa9d.jpg, 1, 1, 0, 0, 1, 0, 0, 1, 0, 0, 1, 1, 0, 1, 0, 0
button4_jpg.rf.ded91efc4f14a3af46b24382341bf835.jpg, 0, 0, 0, 0, 0, 0, 0, 0, 0, 0, 0, 0, 0, 0, 1, 0
PCBA_249_png_jpg.rf.ddf9d91bbcb1157ca5a1aea55e857b41.jpg, 0, 0, 0, 0, 0, 0, 0, 0, 1, 0, 0, 0, 0, 0, 0, 0
PCBA_319_jpg.rf.df57c9a4b4cc2f806de6c321b555019a.jpg, 0, 0, 1, 0, 0, 0, 0, 0, 0, 0, 0, 0, 0, 0, 0, 0
PCBA_64_jpg.rf.df0b3dd612971a8ff048f2c8b0512416.jpg, 1, 1, 0, 0, 1, 0, 0, 0, 0, 0, 0, 0, 0, 1, 0, 0
PCBA_159_jpg.rf.e02acbe5f01dce27dc689432ddd8be10.jpg, 1, 1, 0, 0, 0, 0, 1, 1, 0, 0, 0, 0, 1, 1, 0, 1
PCBA_100_jpg.rf.e239e212fcc26d06986ac72b1f2e627d.jpg, 1, 1, 0, 0, 1, 0, 1, 1, 0, 0, 0, 0, 0, 1, 1, 1
PCBA_162_jpg.rf.dfb6c44cf78469db25d1c2872d4deea4.jpg, 1, 1, 0, 0, 0, 0, 1, 1, 0, 0, 0, 0, 1, 1, 0, 1
PCBA_24_jpg.rf.e055da7d22425b863770b12f0bf180c9.jpg, 1, 1, 0, 0, 1, 0, 0, 1, 0, 0, 1, 0, 0, 1, 0, 0
PCBA_192_jpg.rf.dfa908f2de2e24a643b48488a9a54093.jpg, 1, 0, 0, 1, 1, 0, 0, 1, 0, 0, 0, 1, 0, 1, 0, 0
PCBA_608_jpg.rf.df65fedb38f48aeb7aa3baca90dbb565.jpg, 0, 0, 0, 0, 1, 0, 0, 1, 0, 0, 1, 0, 0, 1, 0, 1
PCBA_41_jpg.rf.e0d813f3193d45fc4ff3e0fcf467ebed.jpg, 1, 1, 0, 0, 1, 1, 1, 0, 0, 0, 0, 0, 0, 1, 1, 1
PCBA_131_jpg.rf.e3f67555b1eedbb8df86471775fe4f82.jpg, 1, 0, 0, 0, 1, 1, 0, 0, 0, 0, 0, 0, 0, 0, 0, 0
PCBA_216_jpg.rf.e20df6d4c5f374f9c54170685fcd7ede.jpg, 1, 0, 0, 0, 1, 1, 0, 0, 0, 0, 0, 0, 0, 0, 0, 0
PCBA_197_png_jpg.rf.e23c87a1dc8bdf7603408c3df0866cba.jpg, 1, 0, 0, 1, 1, 0, 1, 0, 0, 0, 0, 0, 0, 1, 0, 0
PCBA_121_jpg.rf.e0f43f62b77be64c25d3a05c4410e024.jpg, 0, 0, 1, 1, 0, 0, 0, 0, 0, 0, 0, 0, 0, 0, 1, 0
PCBA_233_jpg.rf.e36148af732fc2d1c6a9aae79438214c.jpg, 1, 0, 0, 0, 1, 0, 0, 0, 0, 0, 0, 0, 0, 0, 0, 0
PCBA_350_jpg.rf.e246067bf11f65c214aec1f261016c85.jpg, 0, 0, 1, 0, 0, 0, 0, 0, 0, 0, 0, 0, 0, 0, 1, 0
PCBA_339_jpg.rf.e410647a7a4ee1e71d7c2d49f907750b.jpg, 0, 1, 1, 1, 0, 0, 0, 0, 0, 0, 0, 0, 0, 1, 1, 0
PCBA_92_png_jpg.rf.e06f00b1f4578b425736bdeeefeb322a.jpg, 0, 0, 1, 0, 0, 0, 0, 0, 0, 0, 0, 0, 0, 0, 0, 0
PCBA_293_jpg.rf.e1256cc0013fab3534c5ee5f4ef64a41.jpg, 0, 1, 0, 0, 1, 0, 1, 0, 0, 0, 0, 0, 0, 1, 0, 0
PCBA_512_jpg.rf.e383391da064efeddd50807bc43398d3.jpg, 0, 0, 0, 0, 1, 0, 0, 0, 0, 0, 0, 0, 0, 1, 0, 1
PCBA_592_jpg.rf.e38aa37b2a00340955a93a8b4334c7d4.jpg, 0, 0, 0, 0, 0, 0, 1, 0, 0, 0, 0, 0, 0, 0, 1, 0
PCBA_249_png_jpg.rf.e3854b8052723a8eabe949526f3a419f.jpg, 0, 0, 0, 0, 0, 0, 0, 0, 1, 0, 0, 0, 0, 0, 0, 0
PCBA_99_jpg.rf.e3eda5e5242990e26ed3c72e221e7726.jpg, 1, 1, 0, 0, 1, 1, 1, 0, 0, 0, 0, 0, 0, 1, 0, 0
PCBA_581_jpg.rf.e419399d7d299fa8960319b68c4e527f.jpg, 0, 0, 0, 0, 1, 0, 0, 0, 0, 0, 1, 0, 0, 0, 0, 0
PCBA_10_jpg.rf.e384633c89629aa083fdbea53890f0bd.jpg, 1, 1, 0, 0, 1, 0, 0, 0, 0, 0, 1, 0, 0, 1, 0, 0
PCBA_126_jpg.rf.e3d9f683a2f271f6550fd8fcd00bea4b.jpg, 1, 0, 0, 0, 1, 0, 0, 1, 0, 0, 0, 0, 0, 1, 0, 1
PCBA_514_jpg.rf.e35c9e13627fee1dd1a5257002d02b92.jpg, 1, 0, 0, 0, 1, 1, 0, 0, 0, 0, 1, 0, 0, 1, 0, 0
PCBA_7_jpg.rf.e499122ef5c0dfca94428c5e3127f65f.jpg, 1, 0, 0, 0, 1, 0, 1, 0, 0, 0, 0, 0, 0, 1, 0, 0
capacitor18_jpg.rf.e4312c2280a30abe7d0fdd192571c497.jpg, 0, 0, 0, 0, 1, 0, 0, 0, 0, 0, 0, 0, 0, 0, 0, 0
clock3_jpg.rf.e56c192a87ac28b5c08b4d321b7b0f5b.jpg, 0, 0, 0, 0, 0, 1, 0, 0, 0, 0, 0, 0, 0, 0, 0, 0
PCBA_229_jpg.rf.e5e748691ca3d2fc2eebf874e97e10e1.jpg, 0, 1, 0, 0, 0, 0, 1, 0, 0, 1, 0, 0, 0, 1, 1, 0
potentiometer11_jpg.rf.e462f004d4eedd31a7f58e57e0d06c1f.jpg, 0, 0, 0, 0, 0, 0, 0, 0, 0, 0, 0, 1, 0, 0, 0, 0
PCBA_352_jpg.rf.e5b82e1eb3d17e527e6d0bdb1e9bdd1f.jpg, 0, 0, 0, 0, 0, 0, 0, 0, 1, 0, 0, 0, 0, 0, 0, 0
PCBA_182_jpg.rf.e8d919135898438284254d3d09547095.jpg, 0, 0, 0, 1, 0, 0, 1, 0, 0, 0, 0, 0, 0, 1, 0, 1
diode24_jpg.rf.e4e4cf8e9e0fe5e5af5b6d3488484af1.jpg, 0, 0, 0, 0, 0, 0, 0, 1, 0, 0, 0, 0, 0, 0, 0, 0
PCBA_13_jpg.rf.e5f66b8240814af42809745d0d92de80.jpg, 1, 1, 0, 0, 1, 0, 1, 0, 0, 0, 0, 0, 0, 1, 0, 0
PCBA_106_jpg.rf.e4f67eb0e19d938b3632a05b0a7dccc3.jpg, 1, 1, 0, 0, 1, 1, 1, 1, 0, 0, 1, 0, 0, 1, 1, 1
PCBA_13_jpg.rf.e4f13c35c39aa8b72a50c41e123abccc.jpg, 1, 1, 0, 0, 1, 0, 1, 0, 0, 0, 0, 0, 0, 1, 0, 0
PCBA_561_jpg.rf.e6733c5e16d4a4f9ebbed3c022476a51.jpg, 1, 0, 0, 0, 1, 0, 0, 0, 0, 0, 0, 0, 0, 1, 0, 1
PCBA_165_jpg.rf.e504ec8ad1b78b0e83ddd72028766c73.jpg, 1, 1, 0, 0, 0, 0, 1, 1, 0, 0, 0, 0, 1, 1, 0, 1
PCBA_528_jpg.rf.e8eea67a1b01c55a6184afb71b356ee8.jpg, 0, 0, 0, 0, 0, 0, 0, 0, 0, 0, 0, 0, 0, 1, 0, 1
PCBA_225_jpg.rf.e7e9ac6d91a58f23b13f56deddb3038d.jpg, 0, 1, 0, 0, 0, 0, 1, 0, 0, 1, 0, 0, 0, 1, 0, 0
PCBA_253_jpg.rf.e7702417ca94b6a19a790eabcbbb48a1.jpg, 0, 0, 0, 0, 0, 0, 0, 0, 1, 0, 0, 0, 0, 0, 0, 0
PCBA_286_jpg.rf.e751876636e63fda92f314d22ba78b09.jpg, 1, 1, 0, 0, 1, 0, 1, 1, 0, 0, 1, 0, 0, 1, 0, 1
PCBA_529_jpg.rf.e85b1c09228f11a0ef92f06e74f3e687.jpg, 0, 0, 0, 0, 0, 0, 0, 0, 0, 0, 0, 0, 0, 0, 0, 1
PCBA_541_jpg.rf.e73c4164c02582488ff75bbb858a9f48.jpg, 0, 0, 0, 0, 0, 0, 0, 0, 1, 0, 0, 0, 0, 0, 0, 0
PCBA_340_jpg.rf.e580aa1f1f9459955d8bd8e267b8e5a4.jpg, 0, 1, 1, 0, 1, 0, 1, 0, 0, 0, 0, 0, 0, 1, 0, 1
PCBA_310_jpg.rf.e696f2d7eb152fbf7b3604e90b178b20.jpg, 0, 0, 0, 0, 0, 0, 0, 0, 1, 0, 0, 0, 0, 0, 0, 0
inductor38_jpg.rf.e765c5da5f4a8385f53220e328c0bde4.jpg, 0, 0, 0, 0, 0, 0, 0, 0, 0, 0, 1, 0, 0, 0, 0, 0
PCBA_516_jpg.rf.e6e9957917940a62c7c80dc39e182135.jpg, 1, 0, 0, 0, 0, 0, 0, 0, 0, 0, 1, 0, 0, 0, 0, 0
PCBA_6_jpg.rf.e805bc04bd799710b989ae955840049d.jpg, 1, 1, 0, 0, 1, 1, 1, 0, 0, 0, 1, 0, 0, 1, 0, 1
button10_jpg.rf.e7b3d3b8bd3a5fffa0a34351ee3804c7.jpg, 0, 0, 0, 0, 0, 0, 0, 0, 0, 0, 0, 0, 0, 0, 1, 0
button10_jpg.rf.e92481d94bf71bc57a2f9ba92f927ab5.jpg, 0, 0, 0, 0, 0, 0, 0, 0, 0, 0, 0, 0, 0, 0, 1, 0
PCBA_227_jpg.rf.ea958ca40c0ab5db9a8df79b56ca0e3c.jpg, 0, 1, 0, 0, 1, 1, 1, 0, 0, 0, 1, 0, 0, 1, 1, 0
diode24_jpg.rf.ea5d4b4acd74111eb901bf3a724db4e8.jpg, 0, 0, 0, 0, 0, 0, 0, 1, 0, 0, 0, 0, 0, 0, 0, 0
PCBA_39_jpg.rf.ea8304952396cd370aac12ef1859b95f.jpg, 1, 1, 0, 0, 1, 0, 1, 0, 0, 0, 0, 0, 0, 1, 0, 0
PCBA_616_jpg.rf.eab5dfb1c9010b77416f3eb43b164a2a.jpg, 0, 0, 0, 0, 1, 0, 0, 0, 0, 0, 1, 0, 0, 1, 0, 1
PCBA_580_jpg.rf.e8ffa66a9d5fdeaec48531cb5b96bd8b.jpg, 1, 0, 0, 0, 1, 1, 0, 0, 0, 0, 0, 0, 0, 1, 0, 1
PCBA_245_jpg.rf.ed09d7ee65b2f344f6bda959182cfd7e.jpg, 0, 0, 0, 0, 1, 0, 1, 0, 1, 0, 0, 0, 0, 1, 1, 0
PCBA_381_jpg.rf.eb7005c98567fd888126c95a70d84c8a.jpg, 0, 0, 0, 0, 0, 0, 0, 0, 0, 1, 0, 0, 0, 0, 0, 0
PCBA_352_jpg.rf.e956e5a751311e4d3dc948fbefea3471.jpg, 0, 0, 0, 0, 0, 0, 0, 0, 1, 0, 0, 0, 0, 0, 0, 0
PCBA_124_jpg.rf.e917d403fb4a03c77ed2f446e1d09ec5.jpg, 0, 0, 0, 1, 0, 0, 1, 0, 0, 0, 0, 0, 0, 1, 0, 1
PCBA_307_jpg.rf.ecce5b2a23c4a3df9b53aac05d22680e.jpg, 0, 0, 0, 0, 1, 0, 1, 0, 1, 0, 1, 1, 0, 0, 1, 0
PCBA_180_jpg.rf.e9a1febeb63933f2daf2c0880fe19441.jpg, 0, 0, 0, 1, 0, 0, 1, 0, 0, 0, 0, 0, 0, 1, 0, 1
PCBA_100_jpg.rf.ed9cbbf2c7403d00765234eeaccc48da.jpg, 1, 1, 0, 0, 1, 0, 1, 1, 0, 0, 0, 0, 0, 1, 1, 1
PCBA_62_jpg.rf.e9d979db4c4be94321181dc11502ea47.jpg, 1, 1, 0, 0, 1, 0, 0, 0, 0, 0, 0, 0, 0, 1, 0, 0
PCBA_533_jpg.rf.ef0e807ad5f9afbe863bdbd5dc88df74.jpg, 1, 0, 0, 0, 1, 0, 0, 1, 0, 0, 0, 0, 0, 1, 0, 0
PCBA_538_jpg.rf.ef97967fe56a43c62f6fbd4e082f9117.jpg, 0, 0, 0, 0, 0, 0, 0, 1, 0, 0, 0, 0, 0, 1, 0, 0
PCBA_293_jpg.rf.edc11951cc78d2cf30e1131b77fb8c7b.jpg, 0, 1, 0, 0, 1, 0, 1, 0, 0, 0, 0, 0, 0, 1, 0, 0
PCBA_76_jpg.rf.eab74d5fa1eb728ccd90dc084a3d9dd6.jpg, 1, 0, 0, 0, 1, 0, 1, 1, 0, 0, 1, 0, 0, 1, 0, 0
PCBA_85_jpg.rf.eccb7832cc19102e2628e1d069603a3c.jpg, 1, 1, 0, 0, 1, 0, 0, 1, 0, 0, 0, 0, 0, 1, 1, 0
inductor18_jpg.rf.eb965b408c09d708d6525ddc34542655.jpg, 0, 0, 0, 0, 0, 0, 0, 0, 0, 0, 1, 0, 0, 0, 0, 0
PCBA_120_png_jpg.rf.eca1b7960b2c90537f7746825d49e5b7.jpg, 1, 1, 0, 1, 1, 0, 1, 0, 0, 0, 0, 1, 0, 1, 1, 1
battery3_jpg.rf.ee7953064dc51bf178ba95262f8c506c.jpg, 1, 0, 1, 0, 1, 1, 0, 0, 0, 0, 0, 0, 0, 1, 0, 0
battery7_jpg.rf.efc98a45c77c100c02ca867d0696ab04.jpg, 0, 0, 1, 0, 0, 0, 0, 0, 0, 0, 0, 0, 0, 0, 0, 0
PCBA_577_jpg.rf.eb295784bb78fc2f17cd8c85db4ab01d.jpg, 1, 1, 0, 0, 1, 0, 1, 0, 0, 0, 0, 1, 0, 1, 0, 0
potentiometer2_jpg.rf.eeeb422efc477b79b7809ebfa1599d13.jpg, 0, 0, 0, 0, 0, 0, 0, 0, 0, 0, 0, 1, 0, 0, 0, 0
PCBA_108_jpg.rf.efeeaca124c6a86528a6cdcc5658b85c.jpg, 1, 1, 0, 0, 1, 1, 1, 0, 1, 0, 0, 0, 0, 1, 1, 0
PCBA_269_jpg.rf.ee2c81652393fbe2519fb5c741eee9db.jpg, 1, 0, 1, 0, 0, 1, 1, 0, 0, 0, 0, 0, 0, 1, 0, 0
PCBA_104_jpg.rf.effcae69afb4dbf152151a411eaef32a.jpg, 1, 1, 0, 1, 1, 1, 1, 0, 1, 0, 0, 0, 0, 1, 1, 1
PCBA_382_jpg.rf.f0a4390bf78a098055a8d634f2366614.jpg, 0, 0, 0, 0, 0, 0, 1, 0, 0, 0, 0, 0, 0, 0, 1, 0
PCBA_22_jpg.rf.f23b64c983987e463449bb0e1217e146.jpg, 1, 1, 0, 0, 1, 0, 1, 0, 0, 0, 0, 0, 0, 1, 0, 0
PCBA_65_jpg.rf.f0fcf9d70ec7871295ca0ace582559d9.jpg, 1, 1, 0, 0, 1, 0, 1, 1, 0, 0, 0, 0, 0, 1, 0, 0
PCBA_72_jpg.rf.f1ac99a294d6f908c86703e119e498dc.jpg, 1, 1, 1, 0, 1, 1, 0, 0, 0, 0, 0, 0, 0, 1, 0, 1
PCBA_173_jpg.rf.f1a2d79e6959ea063f87855c83a69d9d.jpg, 1, 1, 0, 0, 1, 0, 1, 1, 0, 1, 0, 0, 0, 1, 1, 0
PCBA_108_jpg.rf.f14c3c9791fcb3d0ed48a61eae4db4d2.jpg, 1, 1, 0, 0, 1, 1, 1, 0, 1, 0, 0, 0, 0, 1, 1, 0
PCBA_65_jpg.rf.f13f8cfc40d365ad688f0ae0c49ea19d.jpg, 1, 1, 0, 0, 1, 0, 1, 1, 0, 0, 0, 0, 0, 1, 0, 0
transistor67_jpg.rf.f0468539090335ee3d53f32ceddc8d61.jpg, 0, 0, 0, 0, 0, 0, 0, 0, 0, 0, 0, 0, 0, 0, 0, 1
PCBA_102_jpg.rf.f1a83867578d73fcb83efa1dd9ff4a8e.jpg, 1, 1, 0, 0, 1, 0, 0, 1, 0, 0, 0, 0, 0, 1, 0, 0
clock3_jpg.rf.f3baedb0153496b2eaf88e3b61ccacd6.jpg, 0, 0, 0, 0, 0, 1, 0, 0, 0, 0, 0, 0, 0, 0, 0, 0
PCBA_514_jpg.rf.f280e293f53b29d610fd834fae2c8eea.jpg, 1, 0, 0, 0, 1, 1, 0, 0, 0, 0, 1, 0, 0, 1, 0, 0
PCBA_545_jpg.rf.f1101d753f42813bebe6d25e3256162d.jpg, 1, 1, 0, 0, 0, 0, 1, 1, 0, 0, 0, 0, 1, 1, 0, 1
clock5_jpg.rf.f1485245f90d3c38b93d6be7fc251e8e.jpg, 0, 0, 0, 0, 0, 1, 0, 0, 0, 0, 0, 0, 0, 0, 0, 0
PCBA_342_jpg.rf.f274009bc785dc2ea6a5814cfa630ee7.jpg, 0, 0, 0, 1, 0, 0, 0, 0, 0, 0, 0, 0, 0, 0, 0, 0
PCBA_2_jpg.rf.f2a8f8a50cc5d82395e88fd83dc2ce0f.jpg, 1, 1, 0, 0, 1, 0, 0, 0, 0, 0, 0, 0, 0, 1, 1, 1
PCBA_23_jpg.rf.f33665a91ef9dc4e74f7b857c807a57a.jpg, 1, 1, 0, 0, 1, 0, 1, 0, 0, 0, 1, 0, 0, 1, 0, 0
PCBA_88_jpg.rf.f1c8cf68abd46608ae5397df6a57fa80.jpg, 1, 0, 0, 0, 1, 0, 0, 1, 0, 0, 0, 0, 0, 1, 0, 0
PCBA_290_jpg.rf.f370a5bfb4664d549b1c51bfb00a1bf6.jpg, 0, 1, 0, 0, 0, 0, 0, 0, 0, 0, 0, 0, 0, 1, 1, 0
PCBA_4_jpg.rf.f2d0ce3d3677ca1f525a37ae5b003dee.jpg, 1, 1, 0, 0, 1, 1, 1, 1, 0, 0, 0, 0, 0, 1, 1, 1
PCBA_2_jpg.rf.f47faecb4c5831eeb2554443941ba21c.jpg, 1, 1, 0, 0, 1, 0, 0, 0, 0, 0, 0, 0, 0, 1, 1, 1
PCBA_326_jpg.rf.f3ea7a9aeffd33f4e481304da8d9e9f6.jpg, 1, 0, 0, 1, 0, 0, 0, 0, 0, 0, 0, 0, 0, 1, 1, 0
clock21_jpg.rf.f4bc302fe992af017bf17198240e0d06.jpg, 0, 0, 0, 0, 0, 1, 0, 0, 0, 0, 0, 0, 0, 0, 0, 0
PCBA_55_jpg.rf.f2f2d564a2c830395f4afe049704c838.jpg, 1, 1, 0, 0, 1, 0, 0, 1, 0, 0, 0, 0, 0, 1, 0, 0
PCBA_526_jpg.rf.f3b22de8503940faf083d723008e4641.jpg, 1, 0, 0, 0, 1, 0, 0, 0, 0, 0, 0, 0, 0, 1, 0, 1
diode20_jpg.rf.f576ee4abe100172a331233825f9cb6f.jpg, 0, 0, 0, 0, 0, 0, 0, 1, 0, 0, 0, 0, 0, 0, 0, 0
PCBA_137_jpg.rf.f43fea2eb7acc4ca14f5ae8dffe178ec.jpg, 1, 1, 1, 0, 0, 1, 0, 0, 0, 0, 0, 0, 0, 1, 0, 0
PCBA_562_jpg.rf.f712b51276147833f8837023e4cfeb3c.jpg, 1, 0, 0, 0, 0, 1, 0, 0, 0, 0, 0, 0, 0, 0, 0, 0
PCBA_138_jpg.rf.f5d37a6fb083bb1e94903adba764fd54.jpg, 1, 1, 1, 0, 1, 1, 0, 0, 0, 0, 0, 0, 0, 1, 0, 0
PCBA_366_jpg.rf.f5d58e25f065250d857c2f645462b324.jpg, 0, 0, 0, 0, 0, 0, 0, 0, 1, 0, 0, 0, 0, 0, 0, 0
transistor31_jpg.rf.f6c60a165853f6be5bf1eeab694d4c95.jpg, 0, 0, 0, 0, 0, 0, 0, 0, 0, 0, 0, 0, 0, 0, 0, 1
PCBA_341_jpg.rf.f959042e49eb2c29ce666dd64f9d523b.jpg, 0, 0, 0, 0, 0, 0, 0, 0, 1, 0, 0, 0, 0, 0, 0, 0
PCBA_329_jpg.rf.f8be1054f63002f6e56d6cb4d2eea6ea.jpg, 0, 0, 1, 0, 0, 0, 0, 0, 0, 0, 0, 0, 0, 0, 0, 0
PCBA_238_jpg.rf.f7b43a6d926b6744d053a37bb78b7c98.jpg, 0, 0, 0, 0, 0, 0, 0, 0, 1, 0, 0, 0, 0, 0, 0, 0
PCBA_355_png_jpg.rf.fb25ea891839179eb74615b6b1424847.jpg, 0, 0, 0, 0, 0, 0, 0, 0, 1, 0, 0, 0, 0, 0, 0, 0
diode8_jpg.rf.f77e58aea2e13826f8875a42fc70b81d.jpg, 0, 0, 0, 0, 0, 0, 0, 1, 0, 0, 0, 0, 0, 0, 0, 0
PCBA_605_jpg.rf.fa65365aa9726d1a7623dbb31a3ba8f1.jpg, 0, 0, 0, 0, 1, 0, 0, 0, 0, 0, 0, 0, 0, 0, 0, 0
PCBA_289_jpg.rf.f7327f69cf872ae9224193ce1749db54.jpg, 1, 0, 0, 0, 1, 0, 0, 1, 0, 0, 0, 1, 0, 1, 0, 0
PCBA_508_jpg.rf.fa0b366ccd5983702f602359546e4d04.jpg, 0, 0, 0, 0, 1, 0, 0, 1, 0, 0, 0, 0, 0, 0, 0, 1
PCBA_356_jpg.rf.f874738fd34cfc9d5c16d92eaeb80a03.jpg, 0, 0, 0, 0, 0, 0, 0, 0, 1, 0, 0, 0, 0, 0, 0, 0
PCBA_27_jpg.rf.f6863965192d72d65464b4c42cb98551.jpg, 1, 1, 0, 0, 1, 0, 1, 0, 0, 0, 0, 0, 0, 1, 0, 1
PCBA_31_jpg.rf.fa4b22baea0891bcd74307c5c071f4f5.jpg, 1, 1, 0, 0, 1, 0, 1, 1, 0, 0, 0, 0, 0, 1, 1, 0
PCBA_59_jpg.rf.fa7c0a4891c5c89dfa276e72a3234e87.jpg, 1, 1, 0, 0, 1, 0, 1, 0, 0, 0, 0, 0, 0, 1, 0, 0
PCBA_525_jpg.rf.f804981b6af6d95606bb4b9c57bd3511.jpg, 0, 0, 0, 0, 1, 1, 0, 0, 0, 0, 0, 0, 0, 0, 0, 0
PCBA_292_jpg.rf.fadac8d54153b6dac36c9a42c1afe2f9.jpg, 0, 0, 0, 0, 1, 0, 1, 1, 0, 0, 0, 0, 0, 0, 0, 0
PCBA_613_jpg.rf.f98e0b6b5840300a7a0f4048f4f836dc.jpg, 1, 0, 0, 0, 1, 0, 0, 0, 0, 0, 1, 0, 0, 1, 0, 1
PCBA_281_jpg.rf.f970091bdd4861659d504e7c611368f4.jpg, 0, 0, 0, 0, 0, 0, 1, 0, 0, 0, 0, 0, 0, 0, 1, 0
PCBA_134_jpg.rf.fba1081cd4320facfdcb2bfb4c401137.jpg, 1, 0, 1, 0, 1, 1, 1, 0, 0, 0, 0, 0, 0, 1, 0, 0
PCBA_522_jpg.rf.fc8836bbfc7c0a11531aeef92554078c.jpg, 0, 0, 0, 0, 1, 0, 0, 0, 0, 0, 0, 0, 0, 1, 0, 1
PCBA_161_jpg.rf.f865d7640f23ea8fd22d0eb1099cd62a.jpg, 1, 1, 0, 0, 1, 0, 1, 1, 0, 0, 1, 0, 1, 1, 0, 1
button1_jpg.rf.fc90c945be9e575d5eea845bfa1e926f.jpg, 0, 0, 0, 0, 0, 0, 0, 0, 0, 0, 0, 0, 0, 0, 1, 0
PCBA_535_jpg.rf.fd2f9d36e570029d2117c160ec701117.jpg, 0, 0, 0, 0, 0, 0, 0, 1, 0, 0, 0, 0, 0, 0, 0, 0
PCBA_268_jpg.rf.fb1acae4ff42b12f3703a3bba4779000.jpg, 1, 0, 0, 0, 1, 1, 0, 1, 0, 0, 0, 0, 0, 1, 0, 0
PCBA_33_jpg.rf.f677ac58773d7b534e3f0f823cd979d6.jpg, 1, 1, 0, 0, 1, 1, 1, 0, 0, 0, 0, 0, 0, 1, 0, 0
PCBA_37_jpg.rf.fcf89940ebaba41f35d454d50a1ed2d3.jpg, 1, 1, 0, 0, 1, 0, 1, 0, 0, 0, 0, 0, 0, 1, 0, 0
PCBA_263_jpg.rf.fccb247634e50b9f5233be80a36b992c.jpg, 0, 1, 0, 0, 0, 0, 1, 1, 0, 1, 0, 0, 0, 1, 0, 0
button18_jpg.rf.fd9ff900a5e372263c96f307b109b343.jpg, 0, 0, 0, 0, 0, 0, 0, 0, 0, 0, 0, 0, 0, 0, 1, 0
PCBA_369_jpg.rf.fcabf3166129e7f6270f9a358ab2ca00.jpg, 0, 0, 1, 0, 0, 0, 0, 0, 0, 0, 0, 0, 0, 0, 0, 0
PCBA_317_jpg.rf.fe229cc4e95f638f626f97530b9843d5.jpg, 0, 0, 1, 0, 0, 0, 0, 0, 0, 0, 0, 0, 0, 1, 0, 0
PCBA_45_jpg.rf.fda70638f2ec6cf284b5b18a3b2a70ba.jpg, 1, 1, 0, 0, 1, 1, 1, 0, 0, 0, 1, 0, 0, 1, 0, 0
transistor70_jpg.rf.ffed8a44df653cecd367d9ac2efdb2f9.jpg, 0, 0, 0, 0, 0, 0, 0, 0, 0, 0, 0, 0, 0, 0, 0, 1
PCBA_348_jpg.rf.fe33878e9173121dc0b200d9755a5b7e.jpg, 1, 1, 0, 0, 1, 0, 1, 1, 0, 1, 1, 0, 0, 1, 0, 1
PCBA_369_jpg.rf.fff2bd4d95d7c0f7b92403615a527474.jpg, 0, 0, 1, 0, 0, 0, 0, 0, 0, 0, 0, 0, 0, 0, 0, 0
capacitor347_jpg.rf.fef565efa674b9cf53e4ae171d9540e2.jpg, 0, 0, 0, 0, 1, 0, 0, 0, 0, 0, 0, 0, 0, 0, 0, 0
PCBA_591_jpg.rf.fe246dc3b49b5c07de3e8b089bd0203d.jpg, 0, 0, 0, 0, 1, 0, 1, 0, 0, 0, 1, 0, 0, 0, 0, 0
PCBA_617_jpg.rf.004d541f84c6b5f4e890fa6b4ade7251.jpg, 0, 0, 0, 0, 1, 0, 0, 0, 0, 0, 0, 0, 0, 0, 0, 0
PCBA_130_jpg.rf.00ccbf26e4c71a9695b3052ef690a1ef.jpg, 1, 1, 0, 0, 1, 0, 0, 1, 0, 0, 1, 1, 0, 1, 0, 0
PCBA_339_jpg.rf.02c2afaa50cf2dbac123bfb83a2699c0.jpg, 0, 1, 1, 1, 0, 0, 0, 0, 0, 0, 0, 0, 0, 1, 1, 0
PCBA_354_jpg.rf.010d6dc32e89f8969ac41dc10916daa8.jpg, 0, 0, 0, 0, 0, 0, 0, 0, 1, 0, 0, 0, 0, 0, 0, 0
PCBA_306_jpg.rf.01d53992f5c2ad311eb5fbebbd64a2ae.jpg, 1, 0, 0, 0, 1, 0, 0, 1, 0, 0, 1, 1, 0, 1, 0, 0
potentiometer2_jpg.rf.00d0e571c7da1156b29c67215d967ad2.jpg, 0, 0, 0, 0, 0, 0, 0, 0, 0, 0, 0, 1, 0, 0, 0, 0
PCBA_188_jpg.rf.01c20339db9cbb4929c127daff6a8c30.jpg, 0, 1, 0, 0, 0, 0, 1, 1, 0, 0, 0, 0, 0, 1, 0, 0
PCBA_351_jpg.rf.0355dd4b63e1a1b6a4aad58d40dcecfd.jpg, 0, 0, 1, 0, 1, 0, 0, 0, 0, 0, 0, 0, 0, 0, 0, 0
PCBA_538_jpg.rf.04b321c9860335bf05161b9fe451f6d6.jpg, 0, 0, 0, 0, 0, 0, 0, 1, 0, 0, 0, 0, 0, 1, 0, 0
PCBA_107_jpg.rf.0133bf83b388460c5df22205539edea0.jpg, 1, 1, 0, 0, 0, 1, 1, 0, 0, 0, 0, 0, 0, 0, 1, 0
PCBA_97_jpg.rf.047c7ed568616227b831a25b338acfc5.jpg, 1, 1, 0, 1, 1, 1, 0, 0, 0, 0, 0, 0, 0, 1, 1, 1
PCBA_544_jpg.rf.03b04d810672019d9bb34db96aadae10.jpg, 0, 0, 0, 0, 0, 0, 0, 0, 1, 0, 0, 0, 0, 0, 0, 0
PCBA_121_jpg.rf.0345e63e32b76a5035f3eef0ba58aa73.jpg, 0, 0, 1, 1, 0, 0, 0, 0, 0, 0, 0, 0, 0, 0, 1, 0
potentiometer2_jpg.rf.049f02ff45e200d06c16d07250501674.jpg, 0, 0, 0, 0, 0, 0, 0, 0, 0, 0, 0, 1, 0, 0, 0, 0
PCBA_183_jpg.rf.032162ee784ee1871edaff6c0dd3a4ce.jpg, 1, 1, 0, 1, 0, 0, 0, 0, 0, 0, 0, 0, 0, 0, 1, 0
transistor33_jpg.rf.04596cdb84f6b7e8f71950796bfd105b.jpg, 0, 0, 0, 0, 0, 0, 0, 0, 0, 0, 0, 0, 0, 0, 0, 1
PCBA_564_jpg.rf.03b6295e75ac23fa01cde617d6de9ec9.jpg, 0, 0, 0, 0, 0, 0, 0, 0, 0, 0, 0, 0, 0, 0, 1, 0
PCBA_500_jpg.rf.011d8ce7ed17c5103d21c3ebba70552a.jpg, 0, 0, 0, 0, 0, 0, 0, 0, 0, 0, 0, 0, 0, 0, 0, 1
PCBA_534_jpg.rf.04b81b8f732a30ed0b990f02c4f3ca58.jpg, 0, 0, 0, 0, 0, 0, 0, 1, 0, 0, 0, 0, 0, 0, 0, 0
potentiometer1_jpg.rf.0509619674c2eaf0d9385829ad9a38d4.jpg, 0, 0, 0, 0, 0, 0, 0, 0, 0, 0, 0, 1, 0, 0, 0, 0
PCBA_257_jpg.rf.022438ff59490b8aae08a674c78934bd.jpg, 0, 0, 0, 0, 0, 0, 1, 0, 0, 1, 0, 0, 0, 0, 1, 0
PCBA_286_jpg.rf.00538491fc4135de73d6d406d51b41ec.jpg, 1, 1, 0, 0, 1, 0, 1, 1, 0, 0, 1, 0, 0, 1, 0, 1
PCBA_32_jpg.rf.056fb40c4790ba7e1695026f6d37e0db.jpg, 1, 1, 0, 0, 1, 0, 1, 0, 0, 0, 0, 0, 0, 1, 0, 0
PCBA_313_jpg.rf.0597359c5817a2694a9561aead119656.jpg, 1, 1, 0, 0, 1, 0, 0, 0, 0, 0, 0, 0, 0, 1, 1, 0
diode5_jpg.rf.050973c7ff2a900a339dcf26a5efe991.jpg, 0, 0, 0, 0, 0, 0, 0, 1, 0, 0, 0, 0, 0, 0, 0, 0
PCBA_375_jpg.rf.056a1f441d3e661578803edcce312527.jpg, 0, 0, 0, 1, 0, 0, 0, 0, 0, 0, 0, 0, 0, 0, 0, 0
diode20_jpg.rf.018fa94b56d3fb58d38eeb11e6e6af5b.jpg, 0, 0, 0, 0, 0, 0, 0, 1, 0, 0, 0, 0, 0, 0, 0, 0
Arty_Bottom_jpg.rf.04d0cd687f7b65f98c963daff0a280a0.jpg, 1, 0, 0, 0, 1, 0, 1, 0, 0, 0, 1, 0, 0, 1, 0, 1
PCBA_589_jpg.rf.05f5677d23d09d1234dcc9497b635ec4.jpg, 0, 0, 0, 1, 0, 0, 0, 0, 0, 0, 0, 0, 0, 0, 0, 0
PCBA_360_jpg.rf.0645bb2ef53d4a2240730c7ed2ff2086.jpg, 0, 0, 0, 0, 0, 0, 0, 0, 1, 0, 0, 0, 0, 0, 0, 0
PCBA_54_jpg.rf.076b4223bec818a88ff83f8f7e882448.jpg, 1, 1, 0, 0, 1, 0, 1, 0, 0, 0, 1, 0, 0, 1, 0, 0
PCBA_554_jpg.rf.07e4455d02fab427d92f7bb318d1b39c.jpg, 1, 1, 0, 0, 0, 0, 1, 0, 0, 0, 0, 0, 1, 1, 0, 1
PCBA_539_jpg.rf.06e4029b8b8b0b8b5ad6376e1c1a3af1.jpg, 0, 0, 0, 0, 0, 0, 0, 0, 0, 0, 0, 0, 0, 0, 0, 1
PCBA_588_jpg.rf.083a84487b33a4a34af9336e4c7cb7c7.jpg, 0, 1, 0, 1, 0, 0, 0, 0, 0, 0, 0, 0, 0, 1, 0, 1
PCBA_374_jpg.rf.093a6c75cbcc327595aebadb4dde7fd2.jpg, 0, 0, 0, 0, 1, 1, 1, 0, 1, 0, 0, 0, 0, 1, 0, 0
PCBA_18_jpg.rf.0979a669f6658c039a695bde62612acc.jpg, 1, 1, 0, 0, 1, 0, 1, 0, 0, 0, 0, 0, 0, 1, 0, 0
transistor36_jpg.rf.082e114bf1487deea1c1d3eb522bcb10.jpg, 0, 0, 0, 0, 0, 0, 0, 0, 0, 0, 0, 0, 0, 0, 0, 1
potentiometer16_jpg.rf.0e027fe8a423115c6fd747a4b799c281.jpg, 0, 0, 0, 0, 0, 0, 0, 0, 0, 0, 0, 1, 0, 0, 0, 0
PCBA_73_jpg.rf.0bc170524ac203accab47ef8559adbcd.jpg, 1, 1, 0, 0, 1, 0, 0, 0, 0, 0, 0, 1, 0, 1, 1, 1
transistor58_jpg.rf.096949b75cf1fe62214015b54c0bafcf.jpg, 0, 0, 0, 0, 0, 0, 0, 0, 0, 0, 0, 0, 0, 0, 0, 1
PCBA_188_jpg.rf.0a579ea40f6b1b19bfe729832fdd1460.jpg, 0, 1, 0, 0, 0, 0, 1, 1, 0, 0, 0, 0, 0, 1, 0, 0
PCBA_501_jpg.rf.0d7dbcd34ee6974a3456e73c6ec1c402.jpg, 0, 0, 0, 0, 0, 0, 0, 0, 0, 0, 0, 0, 0, 0, 0, 1
PCBA_278_jpg.rf.0ea32623346b51e16ac370e0019b23d4.jpg, 0, 0, 0, 0, 1, 0, 0, 0, 0, 0, 0, 0, 0, 1, 0, 0
PCBA_352_jpg.rf.0d7d3cec930c02fd8f6ae7d5079e329b.jpg, 0, 0, 0, 0, 0, 0, 0, 0, 1, 0, 0, 0, 0, 0, 0, 0
PCBA_619_jpg.rf.0c1d8c0632a5bacc97a0b5bd104601fe.jpg, 1, 0, 0, 0, 1, 0, 0, 0, 0, 0, 1, 0, 0, 1, 0, 0
PCBA_548_jpg.rf.0e79a0b7912db60040de0fb22055cfb5.jpg, 1, 1, 0, 0, 1, 0, 1, 0, 0, 0, 0, 1, 0, 1, 0, 1
PCBA_116_jpg.rf.0d652b1c5a0796e75ebf77fa8f82c56d.jpg, 1, 1, 0, 0, 1, 0, 1, 1, 1, 0, 1, 1, 0, 1, 1, 1
PCBA_20_jpg.rf.0e32fc9d2ddb66a39fcc2566baf5d28f.jpg, 1, 1, 0, 0, 1, 0, 1, 0, 0, 0, 0, 0, 0, 1, 0, 0
PCBA_236_jpeg_jpg.rf.0c43ba7ae755c728748cfe258406bdaa.jpg, 0, 0, 0, 0, 0, 0, 0, 0, 1, 0, 0, 0, 0, 0, 0, 0
PCBA_337_jpg.rf.092ba0581f109617c9c644e4d9b2f7cf.jpg, 1, 1, 0, 1, 1, 0, 1, 0, 0, 0, 0, 1, 0, 1, 0, 0
PCBA_322_jpg.rf.0899dfc4b7f8358ead0d44bd6f76ae66.jpg, 1, 1, 0, 0, 1, 0, 0, 0, 0, 0, 0, 0, 0, 1, 0, 0
diode17_jpg.rf.0f4f348828f2d6fd95635beb4cd3bbfd.jpg, 0, 0, 0, 0, 0, 0, 0, 1, 0, 0, 0, 0, 0, 0, 0, 0
diode13_jpg.rf.0f90dd34d8ac2e1339c253f51e9acda7.jpg, 0, 0, 0, 0, 0, 0, 0, 1, 0, 0, 0, 0, 0, 0, 0, 0
PCBA_555_jpg.rf.0cf076d3885fdf602619dc500663deb0.jpg, 0, 0, 0, 0, 1, 0, 1, 1, 0, 0, 0, 0, 0, 1, 0, 1
PCBA_139_jpg.rf.09b25455311d6d182573ffbad003e639.jpg, 1, 0, 1, 0, 1, 1, 0, 1, 0, 0, 0, 0, 0, 1, 0, 0
PCBA_96_jpg.rf.0d93c83a1fb8b2c13127c6d744ce047c.jpg, 0, 1, 0, 0, 0, 0, 1, 0, 0, 1, 0, 0, 0, 1, 1, 0
PCBA_68_jpg.rf.100c30bd32b9602ebaba8afd59358905.jpg, 1, 1, 0, 0, 1, 0, 0, 0, 0, 0, 0, 0, 0, 1, 0, 0
PCBA_504_jpg.rf.0f157b0e711163593d2c8d222426373d.jpg, 0, 0, 0, 0, 1, 0, 0, 0, 0, 0, 0, 0, 0, 1, 0, 1
PCBA_76_jpg.rf.0f12b9b474f27deca9096fa322139796.jpg, 1, 0, 0, 0, 1, 0, 1, 1, 0, 0, 1, 0, 0, 1, 0, 0
PCBA_37_jpg.rf.109c5aad53b8971c27857571e2f398b8.jpg, 1, 1, 0, 0, 1, 0, 1, 0, 0, 0, 0, 0, 0, 1, 0, 0
PCBA_375_jpg.rf.116f6d6e1e152b35de8374c5c4c916ca.jpg, 0, 0, 0, 1, 0, 0, 0, 0, 0, 0, 0, 0, 0, 0, 0, 0
PCBA_227_jpg.rf.119af2f598f7a71f863a122c083ac89d.jpg, 0, 1, 0, 0, 1, 1, 1, 0, 0, 0, 1, 0, 0, 1, 1, 0
transistor44_jpg.rf.106d0423b3e46df0ecb9f72b798302a7.jpg, 0, 0, 0, 0, 0, 0, 0, 0, 0, 0, 0, 0, 0, 0, 0, 1
PCBA_90_jpg.rf.1428f7854fd1cb6f5059375fabf032d4.jpg, 1, 0, 0, 0, 0, 0, 0, 0, 0, 0, 0, 0, 0, 0, 0, 0
PCBA_250_jpg.rf.15c243a7638b03639a1e892028be945f.jpg, 0, 0, 0, 0, 0, 0, 1, 0, 1, 0, 0, 0, 0, 0, 0, 0
PCBA_255_jpg.rf.14ab7010812e869f3104df86a19a6d0f.jpg, 0, 0, 0, 0, 0, 0, 0, 0, 1, 0, 0, 0, 0, 0, 0, 0
PCBA_147_jpg.rf.12704d4ef48965768f98b05cda770455.jpg, 1, 1, 1, 0, 1, 1, 0, 1, 0, 0, 0, 0, 0, 1, 0, 0
capacitor62_jpg.rf.13d7171b09d69bc41eac895f0e62e373.jpg, 0, 0, 0, 0, 1, 0, 0, 0, 0, 0, 0, 0, 0, 0, 0, 0
diode2_jpg.rf.12100d93554a7bd35df9be9a32c1fe5c.jpg, 0, 0, 0, 0, 0, 0, 0, 1, 0, 0, 0, 0, 0, 0, 0, 0
PCBA_87_jpg.rf.168bcf512c2591e8229e367c97eaddac.jpg, 1, 1, 0, 0, 1, 0, 1, 1, 0, 0, 0, 0, 0, 1, 0, 0
PCBA_503_jpg.rf.137f592ff36775471b4e61372f42b4f7.jpg, 0, 0, 0, 0, 0, 0, 0, 0, 0, 0, 0, 0, 0, 0, 0, 1
PCBA_141_jpg.rf.1241f3f87913a09ad2ddfb6616f0f538.jpg, 1, 1, 0, 0, 1, 0, 1, 0, 0, 0, 0, 0, 0, 1, 0, 1
PCBA_324_jpg.rf.128a128a3e0dd0d4afe19ced5d02de4f.jpg, 0, 0, 0, 0, 0, 0, 0, 1, 0, 0, 1, 0, 0, 0, 0, 0
inductor29_jpg.rf.1655394302baeb9e82ee67fc7ddfd535.jpg, 0, 0, 0, 0, 0, 0, 0, 0, 0, 0, 1, 0, 0, 0, 0, 0
transistor1_jpg.rf.13ca2a7ae80737711695a824ab54948e.jpg, 0, 0, 0, 0, 0, 0, 0, 0, 0, 0, 0, 0, 0, 0, 0, 1
PCBA_301_jpg.rf.16508c9ea78e0b02742db887017cd374.jpg, 0, 0, 0, 0, 0, 0, 0, 0, 1, 0, 0, 0, 0, 0, 0, 0
button8_jpg.rf.1730d1b0e56bde6c9d26eda01dd5b155.jpg, 0, 0, 0, 0, 0, 0, 0, 0, 0, 0, 0, 0, 0, 0, 1, 0
PCBA_531_jpg.rf.16e39812ea08068f86b586271523af63.jpg, 0, 0, 0, 0, 1, 0, 0, 0, 0, 0, 0, 0, 0, 1, 0, 1
PCBA_86_jpg.rf.190666d6a3d6321d2148d6dd8e5df2a8.jpg, 1, 1, 0, 0, 0, 1, 1, 0, 0, 0, 0, 0, 0, 1, 1, 0
potentiometer16_jpg.rf.14f9d67180ff33713cea57dc91598aeb.jpg, 0, 0, 0, 0, 0, 0, 0, 0, 0, 0, 0, 1, 0, 0, 0, 0
inductor38_jpg.rf.14a89f3f7ad3ce4656c2a4f8d4b7fa18.jpg, 0, 0, 0, 0, 0, 0, 0, 0, 0, 0, 1, 0, 0, 0, 0, 0
PCBA_524_jpg.rf.17e10b0faed03f1b9159c44d12eaa6cc.jpg, 1, 0, 0, 0, 0, 0, 1, 1, 0, 0, 0, 0, 0, 1, 0, 1
diode7_jpg.rf.18cfec7e98944a8e478a1321245f271b.jpg, 0, 0, 0, 0, 0, 0, 0, 1, 0, 0, 0, 0, 0, 0, 0, 0
PCBA_367_jpg.rf.18152ae72ab40926cbd196c035768975.jpg, 1, 1, 0, 0, 1, 0, 1, 1, 1, 0, 0, 0, 0, 1, 1, 0
PCBA_187_jpg.rf.182657e9e87accad920a0684ed90ae76.jpg, 0, 1, 0, 0, 0, 0, 1, 1, 0, 1, 0, 0, 0, 1, 0, 1
PCBA_589_jpg.rf.188c77f0120dad367dc647d5f72d0f37.jpg, 0, 0, 0, 1, 0, 0, 0, 0, 0, 0, 0, 0, 0, 0, 0, 0
battery2_jpg.rf.118798e501eadd920e5fd8bc8b95a286.jpg, 0, 0, 1, 0, 0, 0, 0, 0, 0, 0, 0, 0, 0, 0, 0, 0
PCBA_505_jpg.rf.1859fa51929eed38086cbd24fec98b2d.jpg, 1, 0, 0, 0, 1, 0, 0, 1, 0, 0, 0, 0, 0, 1, 1, 0
PCBA_49_jpg.rf.1bb8cd26f09d5cf2d992ba974c2b105e.jpg, 1, 1, 0, 0, 1, 0, 0, 0, 0, 0, 0, 0, 0, 1, 0, 0
PCBA_380_jpg.rf.1b77ae807c02406282eaf303045a4e6a.jpg, 0, 0, 0, 0, 0, 0, 0, 0, 0, 0, 0, 0, 0, 0, 0, 1
PCBA_35_jpg.rf.1a2dc890c14a5a417eb67d7378e06042.jpg, 1, 1, 0, 0, 1, 0, 1, 0, 0, 0, 0, 0, 0, 1, 0, 0
PCBA_524_jpg.rf.18df8816816ff5ef5e5ae57ad791a378.jpg, 1, 0, 0, 0, 0, 0, 1, 1, 0, 0, 0, 0, 0, 1, 0, 1
PCBA_583_jpg.rf.1bbebae5a49c924296a728cf8f9b8308.jpg, 0, 0, 0, 0, 0, 0, 1, 0, 0, 0, 0, 0, 0, 0, 1, 0
PCBA_316_jpg.rf.199e60c6496c9e3d63005e657dc31499.jpg, 0, 0, 0, 0, 0, 0, 0, 0, 1, 0, 0, 0, 0, 0, 0, 0
PCBA_133_jpg.rf.1637adbc186767645fdeba7a3be1d7c9.jpg, 0, 0, 0, 1, 0, 0, 1, 0, 0, 0, 0, 0, 0, 0, 0, 0
clock7_jpg.rf.1b10876b9eee9e474f469e91084c159f.jpg, 0, 0, 0, 0, 0, 1, 0, 0, 0, 0, 0, 0, 0, 0, 0, 0
PCBA_370_jpg.rf.1e015c88ebb90c4d927aafd38e219d6e.jpg, 0, 0, 1, 0, 0, 0, 0, 0, 0, 0, 0, 0, 0, 0, 0, 0
PCBA_217_jpeg_jpg.rf.1d9fd9f9b89d83f449de6f3321856222.jpg, 0, 0, 0, 0, 1, 0, 1, 0, 0, 0, 0, 1, 0, 1, 1, 1
PCBA_612_jpg.rf.1d9f298bdf4e7aa352dfb4d00e715a23.jpg, 0, 0, 0, 0, 1, 0, 0, 0, 0, 0, 0, 0, 0, 1, 0, 1
PCBA_524_jpg.rf.1ecd7d0517a9055805b3b8fe5f82e6dd.jpg, 1, 0, 0, 0, 0, 0, 1, 1, 0, 0, 0, 0, 0, 1, 0, 1
PCBA_332_jpg.rf.1a8b5576ee828049963d3bd78c033f04.jpg, 0, 0, 0, 1, 0, 0, 0, 0, 0, 0, 0, 0, 0, 1, 0, 1
PCBA_291_jpg.rf.1e0dda939ab03d9417f3f3e5847499ac.jpg, 1, 1, 0, 0, 1, 1, 1, 0, 0, 0, 0, 0, 0, 1, 0, 1
PCBA_361_jpg.rf.1ea1af569350fa1ccb03d2ec2b3c520d.jpg, 0, 0, 0, 0, 0, 0, 0, 0, 1, 0, 0, 0, 0, 0, 0, 0
PCBA_219_jpg.rf.1e63b7af6ed1327f39d00c1226afec04.jpg, 1, 0, 1, 0, 0, 0, 0, 0, 1, 0, 0, 1, 0, 1, 1, 1
PCBA_283_jpg.rf.1edae3728f224e868fdf6820bb6147a9.jpg, 0, 0, 0, 0, 0, 0, 1, 0, 0, 0, 0, 0, 0, 0, 1, 0
PCBA_298_jpg.rf.1d3b6281dcdddd3825157aa9688388de.jpg, 1, 0, 0, 0, 1, 0, 0, 0, 0, 0, 1, 1, 0, 1, 0, 0
PCBA_317_jpg.rf.1f1a4ecedd4c9ead34a6702b98f6194a.jpg, 0, 0, 1, 0, 0, 0, 0, 0, 0, 0, 0, 0, 0, 1, 0, 0
PCBA_317_jpg.rf.1fc6b2e3219f8d357fe8d49a769dca40.jpg, 0, 0, 1, 0, 0, 0, 0, 0, 0, 0, 0, 0, 0, 1, 0, 0